name,age
FinalData/Images/Mujeeb Ur Rahman_M_17.jpg,17
FinalData/Images/Qiana Joseph_F_17.jpg,17
FinalData/Images/Nayeem Hasan_M_17.jpg,17
FinalData/Images/rachel-trenaman_F_17.jpg,17
FinalData/Images/Riyan Parag_M_17.jpg,17
FinalData/Images/annabel-sutherland_F_17.jpg,17
FinalData/Images/Hamidullah Qadri_M_17.jpg,17
FinalData/Images/kavisha-dilhari_F_17.jpg,17
FinalData/Images/Tariq Stanikzai_M_18.jpg,18
FinalData/Images/Nahida Akter_F_18.jpg,18
FinalData/Images/Sandeep Lamichhane_M_18.jpg,18
FinalData/Images/Nadine de Klerk_F_18.jpg,18
FinalData/Images/Darwish Rasooli_M_18.jpg,18
FinalData/Images/jemimah-rodrigues_F_18.jpg,18
FinalData/Images/Abhishek Sharma_M_18.jpg,18
FinalData/Images/akeira-peters_F_18.jpg,18
FinalData/Images/Shaheen Afridi_M_18.jpg,18
FinalData/Images/gaby-lewis_F_18.jpg,18
FinalData/Images/Wafadar_M_18.jpg,18
FinalData/Images/carly-leeson_F_18.jpg,18
FinalData/Images/Kalana Perera_M_18.jpg,18
FinalData/Images/fahima-khatun_F_18.jpg,18
FinalData/Images/Muhammad Mohsin Khan_M_18.jpg,18
FinalData/Images/amelia-kerr_F_18.jpg,18
FinalData/Images/Mohammad Taha_M_18.jpg,18
FinalData/Images/saskia-horley_F_18.jpg,18
FinalData/Images/Azmatullah Omarzai_M_18.jpg,18
FinalData/Images/kath-hempenstall_F_18.jpg,18
FinalData/Images/Nipun Dananjaya_M_18.jpg,18
FinalData/Images/maisy-gibson_F_18.jpg,18
FinalData/Images/Roni Hossen_M_18.jpg,18
FinalData/Images/eliza-doddridge_F_18.jpg,18
FinalData/Images/Max Neville_M_18.jpg,18
FinalData/Images/moseline-daniels_F_18.jpg,18
FinalData/Images/Gerald Coetzee_M_18.jpg,18
FinalData/Images/sheldyn-cooper_F_18.jpg,18
FinalData/Images/Andile Mokgakane_M_18.jpg,18
FinalData/Images/anam-amin_F_18.jpg,18
FinalData/Images/Thando Ntini_M_18.jpg,18
FinalData/Images/nahida-akter_F_18.jpg,18
FinalData/Images/Max Chu_M_18.jpg,18
FinalData/Images/aiman-anwer_F_18.jpg,18
FinalData/Images/Steve Kirby_M_19.jpg,19
FinalData/Images/Sophie Ecclestone_F_19.jpg,19
FinalData/Images/Zahir Khan_M_19.jpg,19
FinalData/Images/lara-maritz_F_19.jpg,19
FinalData/Images/Jehan Daniel_M_19.jpg,19
FinalData/Images/amy-edgar_F_19.jpg,19
FinalData/Images/Washington Sundar_M_19.jpg,19
FinalData/Images/hayleigh-brennan_F_19.jpg,19
FinalData/Images/Rachin Ravindra_M_19.jpg,19
FinalData/Images/lily-bardsley_F_19.jpg,19
FinalData/Images/Pinak Ghosh_M_19.jpg,19
FinalData/Images/tammy-beaumont_F_19.jpg,19
FinalData/Images/Gurdeep Singh_M_20.jpg,20
FinalData/Images/Harmanpreet Kaur_F_20.jpg,20
FinalData/Images/Ihsanullah Janat_M_20.jpg,20
FinalData/Images/Hayley Matthews_F_20.jpg,20
FinalData/Images/Zakir Hasan_M_20.jpg,20
FinalData/Images/Amelia Kerr_F_20.jpg,20
FinalData/Images/Ishan Kishan_M_20.jpg,20
FinalData/Images/Sophie Molineux_F_20.jpg,20
FinalData/Images/Himanshu Rana_M_20.jpg,20
FinalData/Images/Bryony Smith_F_20.jpg,20
FinalData/Images/Rashid Khan_M_20.jpg,20
FinalData/Images/Erin Fazackerley_F_20.jpg,20
FinalData/Images/George Bartlett_M_20.jpg,20
FinalData/Images/Tayla Vlaeminck_F_20.jpg,20
FinalData/Images/Kamindu Mendis_M_20.jpg,20
FinalData/Images/Rhiann O Donnell_F_20.jpg,20
FinalData/Images/K Khaleel Ahmed_M_20.jpg,20
FinalData/Images/Jemimah Rodrigues_F_20.jpg,20
FinalData/Images/Anmolpreet Singh_M_20.jpg,20
FinalData/Images/tayla-vlaeminck_F_20.jpg,20
FinalData/Images/Saif Hassan_M_20.jpg,20
FinalData/Images/pooja-vastrakar_F_20.jpg,20
FinalData/Images/Dale Phillips_M_20.jpg,20
FinalData/Images/georgia-wareham_F_20.jpg,20
FinalData/Images/Shadab Khan_M_20.jpg,20
FinalData/Images/belinda-vakarewa_F_20.jpg,20
FinalData/Images/Hasan Khan_M_20.jpg,20
FinalData/Images/rebecca-stokell_F_20.jpg,20
FinalData/Images/Ishan Porel_M_20.jpg,20
FinalData/Images/tumi-sekhukhune_F_20.jpg,20
FinalData/Images/Ollie Pope_M_20.jpg,20
FinalData/Images/tabatha-saville_F_20.jpg,20
FinalData/Images/Tom Haines_M_20.jpg,20
FinalData/Images/nashra-sandhu_F_20.jpg,20
FinalData/Images/Qazi Onik_M_20.jpg,20
FinalData/Images/oshadi-ranasinghe_F_20.jpg,20
FinalData/Images/Lloyd Pope_M_20.jpg,20
FinalData/Images/georgia-prestwidge_F_20.jpg,20
FinalData/Images/Dilip Nath_M_20.jpg,20
FinalData/Images/shaila-sharmin_F_20.jpg,20
FinalData/Images/Zak Crawley_M_20.jpg,20
FinalData/Images/niranjana-nagarajan_F_20.jpg,20
FinalData/Images/Ben Twohig_M_20.jpg,20
FinalData/Images/hayley-matthews_F_20.jpg,20
FinalData/Images/Patrick Brown_M_20.jpg,20
FinalData/Images/julie-hunter_F_20.jpg,20
FinalData/Images/George Scrimshaw_M_20.jpg,20
FinalData/Images/haylee-hoffmeister_F_20.jpg,20
FinalData/Images/Matthew Breetzke_M_20.jpg,20
FinalData/Images/erin-fazackerley_F_20.jpg,20
FinalData/Images/Param Uppal_M_20.jpg,20
FinalData/Images/sophia-dunkley_F_20.jpg,20
FinalData/Images/Fraser Sheat_M_20.jpg,20
FinalData/Images/sophie-ecclestone_F_20.jpg,20
FinalData/Images/Shakil Hossain_M_20.jpg,20
FinalData/Images/lauren-cheatle_F_20.jpg,20
FinalData/Images/Tipu Sultan_M_20.jpg,20
FinalData/Images/maitlan-brown_F_20.jpg,20
FinalData/Images/Neil Rock_M_20.jpg,20
FinalData/Images/taniya-bhatia_F_20.jpg,20
FinalData/Images/Shane Getkate_M_21.jpg,21
FinalData/Images/Shanel Daley_F_21.jpg,21
FinalData/Images/Joel Davies_M_21.jpg,21
FinalData/Images/Deepti Sharma_F_21.jpg,21
FinalData/Images/Luke Towers_M_21.jpg,21
FinalData/Images/Ashleigh Gardner_F_21.jpg,21
FinalData/Images/Tom Lancefield_M_21.jpg,21
FinalData/Images/Georgia Wareham_F_21.jpg,21
FinalData/Images/Avesh Khan_M_21.jpg,21
FinalData/Images/Raisibe Ntozakhe_F_21.jpg,21
FinalData/Images/Anshuman Rath_M_21.jpg,21
FinalData/Images/Reniece Boyce_F_21.jpg,21
FinalData/Images/Daniel Lawrence_M_21.jpg,21
FinalData/Images/nigar-sultana_F_21.jpg,21
FinalData/Images/Saqib Mahmood_M_21.jpg,21
FinalData/Images/omaima-sohail_F_21.jpg,21
FinalData/Images/Callum Taylor_M_21.jpg,21
FinalData/Images/anya-shrubsole_F_21.jpg,21
FinalData/Images/Mason Crane_M_21.jpg,21
FinalData/Images/deepti-sharma_F_21.jpg,21
FinalData/Images/Glenn Phillips_M_21.jpg,21
FinalData/Images/robyn-searle_F_21.jpg,21
FinalData/Images/Rishabh Pant_M_21.jpg,21
FinalData/Images/hannah-rowe_F_21.jpg,21
FinalData/Images/Christopher Carter_M_21.jpg,21
FinalData/Images/arundhati-reddy_F_21.jpg,21
FinalData/Images/Ben Green_M_21.jpg,21
FinalData/Images/katie-perkins_F_21.jpg,21
FinalData/Images/Lahiru Kumara_M_21.jpg,21
FinalData/Images/lucy-oreilly_F_21.jpg,21
FinalData/Images/Sam Harper_M_21.jpg,21
FinalData/Images/annie-oneil_F_21.jpg,21
FinalData/Images/Mehidy Hasan_M_21.jpg,21
FinalData/Images/raisibe-ntozakhe_F_21.jpg,21
FinalData/Images/Tanveer Ahmed_M_21.jpg,21
FinalData/Images/robyn-lewis_F_21.jpg,21
FinalData/Images/Shahid Wasif_M_21.jpg,21
FinalData/Images/sarah-hungerford_F_21.jpg,21
FinalData/Images/Dominic Bess_M_21.jpg,21
FinalData/Images/jodie-hicks_F_21.jpg,21
FinalData/Images/David Grant_M_21.jpg,21
FinalData/Images/brooke-harris_F_21.jpg,21
FinalData/Images/Henry Thornton_M_21.jpg,21
FinalData/Images/ashleigh-gardner_F_21.jpg,21
FinalData/Images/Will Jacks_M_21.jpg,21
FinalData/Images/kim-garth_F_21.jpg,21
FinalData/Images/Josh Bohannon_M_21.jpg,21
FinalData/Images/nicole-faltum_F_21.jpg,21
FinalData/Images/Oliver Robinson_M_21.jpg,21
FinalData/Images/ellen-falconer_F_21.jpg,21
FinalData/Images/Josh Philippe_M_21.jpg,21
FinalData/Images/rhiannon-dick_F_21.jpg,21
FinalData/Images/Jean du Plessis_M_21.jpg,21
FinalData/Images/linsey-da-costa_F_21.jpg,21
FinalData/Images/Jason Niemand_M_21.jpg,21
FinalData/Images/muneeba-ali-siddiqui_F_21.jpg,21
FinalData/Images/Clem Hill_M_22.jpg,22
FinalData/Images/Punam Raut_F_22.jpg,22
FinalData/Images/Oliver Hannon-Dalby_M_22.jpg,22
FinalData/Images/Holly Ferling_F_22.jpg,22
FinalData/Images/Vishal Tripathi_M_22.jpg,22
FinalData/Images/Natasha Farrant_F_22.jpg,22
FinalData/Images/Chris Cooke_M_22.jpg,22
FinalData/Images/Kim Garth_F_22.jpg,22
FinalData/Images/Imam-ul-Haq_M_22.jpg,22
FinalData/Images/Nuzhat Parween_F_22.jpg,22
FinalData/Images/Sami Aslam_M_22.jpg,22
FinalData/Images/Samantha Betts_F_22.jpg,22
FinalData/Images/Abu Hider Rony_M_22.jpg,22
FinalData/Images/Haidee Birkett_F_22.jpg,22
FinalData/Images/Mosaddek Hossain_M_22.jpg,22
FinalData/Images/Maitlan Brown_F_22.jpg,22
FinalData/Images/Ankush Bains_M_22.jpg,22
FinalData/Images/Nashra Sandhu_F_22.jpg,22
FinalData/Images/Nicholas Pooran_M_22.jpg,22
FinalData/Images/sharmin-akter-supta_F_22.jpg,22
FinalData/Images/Lungi Ngidi_M_22.jpg,22
FinalData/Images/andrie-steyn_F_22.jpg,22
FinalData/Images/Andile Phehlukwayo_M_22.jpg,22
FinalData/Images/lauren-smith_F_22.jpg,22
FinalData/Images/Sompal Kami_M_22.jpg,22
FinalData/Images/natalie-sciver_F_22.jpg,22
FinalData/Images/Kinchit Shah_M_22.jpg,22
FinalData/Images/shakera-selman_F_22.jpg,22
FinalData/Images/Matt Renshaw_M_22.jpg,22
FinalData/Images/natalie-plane_F_22.jpg,22
FinalData/Images/Jhye Richardson_M_22.jpg,22
FinalData/Images/shaquana-quintyne_F_22.jpg,22
FinalData/Images/Matthew Critchley_M_22.jpg,22
FinalData/Images/katelyn-pope_F_22.jpg,22
FinalData/Images/Bradley Wheal_M_22.jpg,22
FinalData/Images/nuzhat-parween_F_22.jpg,22
FinalData/Images/Haseeb Hameed_M_22.jpg,22
FinalData/Images/chedean-nation_F_22.jpg,22
FinalData/Images/Matthew Parkinson_M_22.jpg,22
FinalData/Images/tahlia-mcgrath_F_22.jpg,22
FinalData/Images/Matthew Carter_M_22.jpg,22
FinalData/Images/katie-mack_F_22.jpg,22
FinalData/Images/Sam Curran_M_22.jpg,22
FinalData/Images/smriti-mandhana_F_22.jpg,22
FinalData/Images/Matthew Waite_M_22.jpg,22
FinalData/Images/harmanpreet-kaur_F_22.jpg,22
FinalData/Images/Will Davis_M_22.jpg,22
FinalData/Images/stacy-ann-king_F_22.jpg,22
FinalData/Images/Wanidu Hasaranga_M_22.jpg,22
FinalData/Images/sanjida-islam_F_22.jpg,22
FinalData/Images/Mayank Dagar_M_22.jpg,22
FinalData/Images/mikayla-hinkley_F_22.jpg,22
FinalData/Images/Alzarri Joseph_M_22.jpg,22
FinalData/Images/rachael-haynes_F_22.jpg,22
FinalData/Images/Riley Meredith_M_22.jpg,22
FinalData/Images/nicola-hancock_F_22.jpg,22
FinalData/Images/Tejas Baroka_M_22.jpg,22
FinalData/Images/tash-farrant_F_22.jpg,22
FinalData/Images/Josh Tongue_M_22.jpg,22
FinalData/Images/reniece-boyce_F_22.jpg,22
FinalData/Images/Janneman Malan_M_22.jpg,22
FinalData/Images/makinley-blows_F_22.jpg,22
FinalData/Images/Daniel Fallins_M_22.jpg,22
FinalData/Images/melissa-cameron_F_22.jpg,22
FinalData/Images/Dhananjaya Lakshan_M_22.jpg,22
FinalData/Images/ash-barty_F_22.jpg,22
FinalData/Images/Lalit Bhandari_M_22.jpg,22
FinalData/Images/megan-banting_F_22.jpg,22
FinalData/Images/Jamie Grassi_M_22.jpg,22
FinalData/Images/diana-baig_F_22.jpg,22
FinalData/Images/Blessing Muzarabani_M_22.jpg,22
FinalData/Images/haidee-birkett_F_22.jpg,22
FinalData/Images/Jack Davies_M_22.jpg,22
FinalData/Images/samantha-betts_F_22.jpg,22
FinalData/Images/Pankaj Dharmani_M_23.jpg,23
FinalData/Images/Amy Ellen Jones_F_23.jpg,23
FinalData/Images/Charitha Buddhika_M_23.jpg,23
FinalData/Images/Sune Luus_F_23.jpg,23
FinalData/Images/Cuan McCarthy_M_23.jpg,23
FinalData/Images/Hasini Perera_F_23.jpg,23
FinalData/Images/Walter Brearley_M_23.jpg,23
FinalData/Images/Sidra Nawaz_F_23.jpg,23
FinalData/Images/Ted Bowley_M_23.jpg,23
FinalData/Images/Alex Price_F_23.jpg,23
FinalData/Images/Greg Smith_M_23.jpg,23
FinalData/Images/Jemma Barsby_F_23.jpg,23
FinalData/Images/Tom Brett_M_23.jpg,23
FinalData/Images/hannah-trethewy_F_23.jpg,23
FinalData/Images/Kanchana Gunawardene_M_23.jpg,23
FinalData/Images/jenny-taffs_F_23.jpg,23
FinalData/Images/Lasith Abeyratne_M_23.jpg,23
FinalData/Images/linsey-smith_F_23.jpg,23
FinalData/Images/Alankara Asanka Silva_M_23.jpg,23
FinalData/Images/emily-smith_F_23.jpg,23
FinalData/Images/Kuldeep Yadav_M_23.jpg,23
FinalData/Images/naomi-stalenberg_F_23.jpg,23
FinalData/Images/Taskin Ahmed_M_23.jpg,23
FinalData/Images/alex-price_F_23.jpg,23
FinalData/Images/Harry Finch_M_23.jpg,23
FinalData/Images/chloe-piparo_F_23.jpg,23
FinalData/Images/Shreyas Iyer_M_23.jpg,23
FinalData/Images/hasini-perera_F_23.jpg,23
FinalData/Images/Deepak Hooda_M_23.jpg,23
FinalData/Images/lata-mondal_F_23.jpg,23
FinalData/Images/Sarfaraz Khan_M_23.jpg,23
FinalData/Images/sophie-molineux_F_23.jpg,23
FinalData/Images/Leo Carter_M_23.jpg,23
FinalData/Images/sidra-nawaz_F_23.jpg,23
FinalData/Images/Tim Seifert_M_23.jpg,23
FinalData/Images/natasha-mclean_F_23.jpg,23
FinalData/Images/Jack Hunter_M_23.jpg,23
FinalData/Images/tegan-mcpharlin_F_23.jpg,23
FinalData/Images/Jake Doran_M_23.jpg,23
FinalData/Images/alana-king_F_23.jpg,23
FinalData/Images/Kusal Mendis_M_23.jpg,23
FinalData/Images/khadija-tul-kubra_F_23.jpg,23
FinalData/Images/Tom Curran_M_23.jpg,23
FinalData/Images/chinelle-henry_F_23.jpg,23
FinalData/Images/Guy Walker_M_23.jpg,23
FinalData/Images/heather-graham_F_23.jpg,23
FinalData/Images/Abhimanyu Easwaran_M_23.jpg,23
FinalData/Images/kirstie-gordon_F_23.jpg,23
FinalData/Images/Shimron Hetmyer_M_23.jpg,23
FinalData/Images/nicola-carey_F_23.jpg,23
FinalData/Images/Ed Barnard_M_23.jpg,23
FinalData/Images/shemaine-campbelle_F_23.jpg,23
FinalData/Images/Joe Clarke_M_23.jpg,23
FinalData/Images/nilakshi-de-silva_F_23.jpg,23
FinalData/Images/Rob Jones_M_23.jpg,23
FinalData/Images/jemma-barsby_F_23.jpg,23
FinalData/Images/Josh Shaw_M_23.jpg,23
FinalData/Images/waheeda-akhtar_F_23.jpg,23
FinalData/Images/Morris Ouma_M_24.jpg,24
FinalData/Images/Deandra Dottin_F_24.jpg,24
FinalData/Images/Nathan Hauritz_M_24.jpg,24
FinalData/Images/Beth Mooney_F_24.jpg,24
FinalData/Images/Douglas Lockhart_M_24.jpg,24
FinalData/Images/Smriti Mandhana_F_24.jpg,24
FinalData/Images/Ross Lyons_M_24.jpg,24
FinalData/Images/Hannah Rowe_F_24.jpg,24
FinalData/Images/Bharath Chipli_M_24.jpg,24
FinalData/Images/Tahlia McGrath_F_24.jpg,24
FinalData/Images/Tito Odumbe_M_24.jpg,24
FinalData/Images/Anna Lanning_F_24.jpg,24
FinalData/Images/Kashif Raza_M_24.jpg,24
FinalData/Images/Katie-Jane Hartshorn_F_24.jpg,24
FinalData/Images/Lee Germon_M_24.jpg,24
FinalData/Images/Chloe Piparo_F_24.jpg,24
FinalData/Images/Brendon Julian_M_24.jpg,24
FinalData/Images/Bridget Patterson_F_24.jpg,24
FinalData/Images/Johnny Tyldesley_M_24.jpg,24
FinalData/Images/Stefanie Daffara_F_24.jpg,24
FinalData/Images/Alfred Dipper_M_24.jpg,24
FinalData/Images/Georgia Redmayne_F_24.jpg,24
FinalData/Images/Harshad Khadiwale_M_24.jpg,24
FinalData/Images/Alice Davidson Richards_F_24.jpg,24
FinalData/Images/David Wainwright_M_24.jpg,24
FinalData/Images/Nicola Hancock_F_24.jpg,24
FinalData/Images/Brandon Jeremy Bess_M_24.jpg,24
FinalData/Images/rebeca-vandort_F_24.jpg,24
FinalData/Images/Assad Fudadin_M_24.jpg,24
FinalData/Images/shamima-sultana_F_24.jpg,24
FinalData/Images/Jean Symes_M_24.jpg,24
FinalData/Images/georgia-redmayne_F_24.jpg,24
FinalData/Images/Tom Knight_M_24.jpg,24
FinalData/Images/aliya-riaz_F_24.jpg,24
FinalData/Images/Baba Aparajith_M_24.jpg,24
FinalData/Images/celeste-raack_F_24.jpg,24
FinalData/Images/Akhil Herwadkar_M_24.jpg,24
FinalData/Images/meg-phillips_F_24.jpg,24
FinalData/Images/Vijay Zol_M_24.jpg,24
FinalData/Images/natalia-parvaiz_F_24.jpg,24
FinalData/Images/Sanju Samson_M_24.jpg,24
FinalData/Images/bridget-patterson_F_24.jpg,24
FinalData/Images/Reece Topley_M_24.jpg,24
FinalData/Images/beth-mooney_F_24.jpg,24
FinalData/Images/Babar Azam_M_24.jpg,24
FinalData/Images/sana-mir_F_24.jpg,24
FinalData/Images/Mohammad Nawaz_M_24.jpg,24
FinalData/Images/sasha-moloney_F_24.jpg,24
FinalData/Images/Ryan Burl_M_24.jpg,24
FinalData/Images/katey-martin_F_24.jpg,24
FinalData/Images/Alei Nao_M_24.jpg,24
FinalData/Images/bismah-maroof_F_24.jpg,24
FinalData/Images/Norman Vanua_M_24.jpg,24
FinalData/Images/zintle-mali_F_24.jpg,24
FinalData/Images/Travis Head_M_24.jpg,24
FinalData/Images/harshitha-madavi_F_24.jpg,24
FinalData/Images/Alex Davies_M_24.jpg,24
FinalData/Images/sune-luus_F_24.jpg,24
FinalData/Images/Jamie Overton_M_24.jpg,24
FinalData/Images/felicity-leydon-davis_F_24.jpg,24
FinalData/Images/Craig Overton_M_24.jpg,24
FinalData/Images/anna-lanning_F_24.jpg,24
FinalData/Images/Jan Frylinck_M_24.jpg,24
FinalData/Images/kirsty-lamb_F_24.jpg,24
FinalData/Images/Ben Horne _M_24.jpg,24
FinalData/Images/veda-krishnamurthy_F_24.jpg,24
FinalData/Images/Beau Webster_M_24.jpg,24
FinalData/Images/ashlee-king_F_24.jpg,24
FinalData/Images/Axar Patel_M_24.jpg,24
FinalData/Images/erica-kershaw_F_24.jpg,24
FinalData/Images/Nitish Rana_M_24.jpg,24
FinalData/Images/renee-irvine_F_24.jpg,24
FinalData/Images/Jasprit Bumrah_M_24.jpg,24
FinalData/Images/clara-iemma_F_24.jpg,24
FinalData/Images/Nick Gubbins_M_24.jpg,24
FinalData/Images/danielle-hazell_F_24.jpg,24
FinalData/Images/Tom Helm_M_24.jpg,24
FinalData/Images/nipuni-hansika_F_24.jpg,24
FinalData/Images/Ben Coad_M_24.jpg,24
FinalData/Images/holly-ferling_F_24.jpg,24
FinalData/Images/Vivian Kingma_M_24.jpg,24
FinalData/Images/ghulam-fatima_F_24.jpg,24
FinalData/Images/Ricky Bhui_M_24.jpg,24
FinalData/Images/deandra-dottin_F_24.jpg,24
FinalData/Images/Cameron Valente_M_24.jpg,24
FinalData/Images/jordan-doecke_F_24.jpg,24
FinalData/Images/Ollie Robinson_M_24.jpg,24
FinalData/Images/stefanie-daffara_F_24.jpg,24
FinalData/Images/Aiden Markram_M_24.jpg,24
FinalData/Images/kate-cross_F_24.jpg,24
FinalData/Images/Kagiso Rabada_M_24.jpg,24
FinalData/Images/piepa-cleary_F_24.jpg,24
FinalData/Images/Ben Dwarshuis_M_24.jpg,24
FinalData/Images/mathilda-carmichael_F_24.jpg,24
FinalData/Images/Nasir Jamal_M_24.jpg,24
FinalData/Images/bernadine-bezuidenhout_F_24.jpg,24
FinalData/Images/Usman Ghani_M_24.jpg,24
FinalData/Images/jahanara-alam_F_24.jpg,24
FinalData/Images/Thandi Tshabalala_M_25.jpg,25
FinalData/Images/Megan Schutt_F_25.jpg,25
FinalData/Images/Tafadzwa Kamungozi_M_25.jpg,25
FinalData/Images/Ellyse Perry_F_25.jpg,25
FinalData/Images/Gavin Tonge_M_25.jpg,25
FinalData/Images/Diana Baig_F_25.jpg,25
FinalData/Images/Royston Crandon_M_25.jpg,25
FinalData/Images/Amy Satterthwaite_F_25.jpg,25
FinalData/Images/Herbie Taylor_M_25.jpg,25
FinalData/Images/Kate Cross_F_25.jpg,25
FinalData/Images/Buster Nupen_M_25.jpg,25
FinalData/Images/Nicola Carey_F_25.jpg,25
FinalData/Images/Michael Slater_M_25.jpg,25
FinalData/Images/Ayesha Zafar_F_25.jpg,25
FinalData/Images/Nitish Kumar_M_25.jpg,25
FinalData/Images/Ghulam Fatima_F_25.jpg,25
FinalData/Images/Aftab Alam_M_25.jpg,25
FinalData/Images/Waheeda Akhtar_F_25.jpg,25
FinalData/Images/Matt Machan_M_25.jpg,25
FinalData/Images/chloe-tryon_F_25.jpg,25
FinalData/Images/Richard Alan Jones_M_25.jpg,25
FinalData/Images/kara-sutherland_F_25.jpg,25
FinalData/Images/Matthew Pardoe_M_25.jpg,25
FinalData/Images/megan-schutt_F_25.jpg,25
FinalData/Images/Stephen Adshead_M_25.jpg,25
FinalData/Images/brittany-perry_F_25.jpg,25
FinalData/Images/Ben Foakes_M_25.jpg,25
FinalData/Images/ellyse-perry_F_25.jpg,25
FinalData/Images/Daniel Bell-Drummond_M_25.jpg,25
FinalData/Images/thamsyn-newton_F_25.jpg,25
FinalData/Images/Tom Milnes_M_25.jpg,25
FinalData/Images/ritu-moni_F_25.jpg,25
FinalData/Images/Shiv Thakor_M_25.jpg,25
FinalData/Images/emily-leys_F_25.jpg,25
FinalData/Images/Angelo Jayasinghe_M_25.jpg,25
FinalData/Images/shauna-kavanagh_F_25.jpg,25
FinalData/Images/Maduka Liyanapathiranage_M_25.jpg,25
FinalData/Images/mansi-joshi_F_25.jpg,25
FinalData/Images/Amila Aponso_M_25.jpg,25
FinalData/Images/jess-jonassen_F_25.jpg,25
FinalData/Images/Niroshan Dickwella_M_25.jpg,25
FinalData/Images/hansima-karunaratne_F_25.jpg,25
FinalData/Images/Duleeka Thissakuttige_M_25.jpg,25
FinalData/Images/amy-jones_F_25.jpg,25
FinalData/Images/Vikas Mishra_M_25.jpg,25
FinalData/Images/alex-hartley_F_25.jpg,25
FinalData/Images/Alex Blofield_M_25.jpg,25
FinalData/Images/katie-hartshorn_F_25.jpg,25
FinalData/Images/Zafar Ansari_M_25.jpg,25
FinalData/Images/grace-harris_F_25.jpg,25
FinalData/Images/Chris Piesley_M_25.jpg,25
FinalData/Images/farzana-haque_F_25.jpg,25
FinalData/Images/Craig Miles_M_25.jpg,25
FinalData/Images/maddy-green_F_25.jpg,25
FinalData/Images/Chris Metters_M_25.jpg,25
FinalData/Images/bhavisha-devchand_F_25.jpg,25
FinalData/Images/Tim Ravenscroft_M_25.jpg,25
FinalData/Images/shamilia-connell_F_25.jpg,25
FinalData/Images/Imran Nazir_M_26.jpg,26
FinalData/Images/Kyshona Knight_F_26.jpg,26
FinalData/Images/Ragheb Aga_M_26.jpg,26
FinalData/Images/Meg Lanning_F_26.jpg,26
FinalData/Images/Chamu Chibhabha_M_26.jpg,26
FinalData/Images/Bismah Maroof_F_26.jpg,26
FinalData/Images/Nathan Bracken_M_26.jpg,26
FinalData/Images/Anya Shrubsole_F_26.jpg,26
FinalData/Images/Roger Whelan_M_26.jpg,26
FinalData/Images/Dane van Niekerk_F_26.jpg,26
FinalData/Images/Imraan Khan_M_26.jpg,26
FinalData/Images/Chloe Tryon_F_26.jpg,26
FinalData/Images/David Bernard_M_26.jpg,26
FinalData/Images/Natalie Sciver_F_26.jpg,26
FinalData/Images/Mohammad Amir_M_26.jpg,26
FinalData/Images/Beth Langston_F_26.jpg,26
FinalData/Images/Kraigg Brathwaite_M_26.jpg,26
FinalData/Images/Lizelle Lee_F_26.jpg,26
FinalData/Images/Tim Paine_M_26.jpg,26
FinalData/Images/Maddy Green_F_26.jpg,26
FinalData/Images/Rafiqul Islam_M_26.jpg,26
FinalData/Images/Hayley Jensen_F_26.jpg,26
FinalData/Images/Gerald Peckover_M_26.jpg,26
FinalData/Images/Sushma Verma_F_26.jpg,26
FinalData/Images/Lance Hamilton_M_26.jpg,26
FinalData/Images/Anuja Patil_F_26.jpg,26
FinalData/Images/Winston Davis_M_26.jpg,26
FinalData/Images/Veda Krishnamurthy_F_26.jpg,26
FinalData/Images/Athol Rowan_M_26.jpg,26
FinalData/Images/Leigh Kasperek_F_26.jpg,26
FinalData/Images/Trevor Goddard_M_26.jpg,26
FinalData/Images/Emma King_F_26.jpg,26
FinalData/Images/Harry Jupp_M_26.jpg,26
FinalData/Images/Katelyn Fryett_F_26.jpg,26
FinalData/Images/Teddy Wynyard_M_26.jpg,26
FinalData/Images/Kainat Imtiaz_F_26.jpg,26
FinalData/Images/Butch White_M_26.jpg,26
FinalData/Images/molly-strano_F_26.jpg,26
FinalData/Images/Monte Lynch_M_26.jpg,26
FinalData/Images/ayasha-rahman_F_26.jpg,26
FinalData/Images/Jackson Coleman_M_26.jpg,26
FinalData/Images/taneale-peschel_F_26.jpg,26
FinalData/Images/Alex Keath_M_26.jpg,26
FinalData/Images/sarah-lowe_F_26.jpg,26
FinalData/Images/Mandeep Singh_M_26.jpg,26
FinalData/Images/beth-langston_F_26.jpg,26
FinalData/Images/Tim Gruijters_M_26.jpg,26
FinalData/Images/lizelle-lee_F_26.jpg,26
FinalData/Images/Tendai Chatara_M_26.jpg,26
FinalData/Images/kycia-knight_F_26.jpg,26
FinalData/Images/Aneesh Kapil_M_26.jpg,26
FinalData/Images/meg-lanning_F_26.jpg,26
FinalData/Images/Alexander French_M_26.jpg,26
FinalData/Images/odine-kirsten_F_26.jpg,26
FinalData/Images/Javed Ahmadi_M_26.jpg,26
FinalData/Images/kyshona-knight_F_26.jpg,26
FinalData/Images/Adam Milne_M_26.jpg,26
FinalData/Images/ayabonga-khaka_F_26.jpg,26
FinalData/Images/Jake Fawcett_M_26.jpg,26
FinalData/Images/qiana-joseph_F_26.jpg,26
FinalData/Images/Marcus Harris_M_26.jpg,26
FinalData/Images/ama-kanchana_F_26.jpg,26
FinalData/Images/Kedar Devdhar_M_26.jpg,26
FinalData/Images/sammy-jo-johnson_F_26.jpg,26
FinalData/Images/Deepak Chahar_M_26.jpg,26
FinalData/Images/hayley-jensen_F_26.jpg,26
FinalData/Images/Lewis Gregory_M_26.jpg,26
FinalData/Images/leigh-kasperek_F_26.jpg,26
FinalData/Images/Adam Ball_M_26.jpg,26
FinalData/Images/jenny-gunn_F_26.jpg,26
FinalData/Images/Matt Dunn_M_26.jpg,26
FinalData/Images/jennifer-gray_F_26.jpg,26
FinalData/Images/Gurman Randhawa_M_26.jpg,26
FinalData/Images/georgia-elwiss_F_26.jpg,26
FinalData/Images/Adam Rossington_M_26.jpg,26
FinalData/Images/laura-delany_F_26.jpg,26
FinalData/Images/Sanitha de Mel_M_26.jpg,26
FinalData/Images/hannah-darlington_F_26.jpg,26
FinalData/Images/Saranga Rajaguru_M_26.jpg,26
FinalData/Images/anuja-patil_F_26.jpg,26
FinalData/Images/William Adkin_M_26.jpg,26
FinalData/Images/sidra-amin_F_26.jpg,26
FinalData/Images/Alex Barrow_M_26.jpg,26
FinalData/Images/chamari-athapaththu_F_26.jpg,26
FinalData/Images/Brett DOliveira_M_26.jpg,26
FinalData/Images/felicia-walters_F_26.jpg,26
FinalData/Images/Sourav Ganguly_M_27.jpg,27
FinalData/Images/Mona Meshram_F_27.jpg,27
FinalData/Images/Andrew Flintoff_M_27.jpg,27
FinalData/Images/Stafanie Taylor_F_27.jpg,27
FinalData/Images/Stuart Matsikenyeri_M_27.jpg,27
FinalData/Images/Heather Knight_F_27.jpg,27
FinalData/Images/Tawanda Mupariwa_M_27.jpg,27
FinalData/Images/Tammy Beaumont_F_27.jpg,27
FinalData/Images/Ed Rainsford_M_27.jpg,27
FinalData/Images/Kate Broadmore_F_27.jpg,27
FinalData/Images/Lameck Onyango_M_27.jpg,27
FinalData/Images/Chandima Gunaratne_F_27.jpg,27
FinalData/Images/Aakash Chopra_M_27.jpg,27
FinalData/Images/Poonam Yadav_F_27.jpg,27
FinalData/Images/Fidel Edwards_M_27.jpg,27
FinalData/Images/Rajeshwari Gayakwad_F_27.jpg,27
FinalData/Images/Matthew Hoggard_M_27.jpg,27
FinalData/Images/Shamilia Connell_F_27.jpg,27
FinalData/Images/Chris Martin_M_27.jpg,27
FinalData/Images/Ama Kanchana_F_27.jpg,27
FinalData/Images/Vikram Singh_M_27.jpg,27
FinalData/Images/ Alex Hartley_F_27.jpg,27
FinalData/Images/Garnett Kruger_M_27.jpg,27
FinalData/Images/Mansi Joshi_F_27.jpg,27
FinalData/Images/Akalanka Ganegama_M_27.jpg,27
FinalData/Images/Kara Sutherland_F_27.jpg,27
FinalData/Images/Mark Cosgrove_M_27.jpg,27
FinalData/Images/Claire Koski_F_27.jpg,27
FinalData/Images/Adam Voges_M_27.jpg,27
FinalData/Images/Molly Strano_F_27.jpg,27
FinalData/Images/Morne Morkel_M_27.jpg,27
FinalData/Images/Tabatha Saville_F_27.jpg,27
FinalData/Images/Kyle McCallan_M_27.jpg,27
FinalData/Images/Akeira Peters_F_27.jpg,27
FinalData/Images/Paul Mooney_M_27.jpg,27
FinalData/Images/Clara Iemma_F_27.jpg,27
FinalData/Images/Omer Hussain_M_27.jpg,27
FinalData/Images/mary-waldron_F_27.jpg,27
FinalData/Images/Trevin Bastiampillai_M_27.jpg,27
FinalData/Images/sushma-verma_F_27.jpg,27
FinalData/Images/Calvert Hooper_M_27.jpg,27
FinalData/Images/dane-van-niekerk_F_27.jpg,27
FinalData/Images/Daniel Flynn_M_27.jpg,27
FinalData/Images/emma-thompson_F_27.jpg,27
FinalData/Images/Jamie Atkinson_M_27.jpg,27
FinalData/Images/stafanie-taylor_F_27.jpg,27
FinalData/Images/Skhawat Ali_M_27.jpg,27
FinalData/Images/clare-shillington_F_27.jpg,27
FinalData/Images/Ruvindu Gunasekera_M_27.jpg,27
FinalData/Images/angela-reakes_F_27.jpg,27
FinalData/Images/Eion Katchay_M_27.jpg,27
FinalData/Images/mona-meshram_F_27.jpg,27
FinalData/Images/Phillip Hughes_M_27.jpg,27
FinalData/Images/heather-knight_F_27.jpg,27
FinalData/Images/Abhinav Kumar_M_27.jpg,27
FinalData/Images/emma-king_F_27.jpg,27
FinalData/Images/Nicholas Ifill_M_27.jpg,27
FinalData/Images/amy-kenealy_F_27.jpg,27
FinalData/Images/Rizwan Ahmed_M_27.jpg,27
FinalData/Images/lisa-griffith_F_27.jpg,27
FinalData/Images/Ian Stanger_M_27.jpg,27
FinalData/Images/rajeshwari-gayakwad_F_27.jpg,27
FinalData/Images/Ahmed Shehzad_M_27.jpg,27
FinalData/Images/katelyn-fryett_F_27.jpg,27
FinalData/Images/Tejashwi Yadav_M_27.jpg,27
FinalData/Images/kate-ebrahim_F_27.jpg,27
FinalData/Images/Wilkin Mota_M_27.jpg,27
FinalData/Images/shae-daly_F_27.jpg,27
FinalData/Images/Ryan Ninan_M_27.jpg,27
FinalData/Images/tess-cooper_F_27.jpg,27
FinalData/Images/Gnaneswara Rao_M_27.jpg,27
FinalData/Images/sarah-coyte_F_27.jpg,27
FinalData/Images/Kieran Powell_M_27.jpg,27
FinalData/Images/taylah-brotherston_F_27.jpg,27
FinalData/Images/Chadwick Walton_M_27.jpg,27
FinalData/Images/emma-biss_F_27.jpg,27
FinalData/Images/Marc Petrie_M_27.jpg,27
FinalData/Images/cassie-brock_F_27.jpg,27
FinalData/Images/Zakir Hasan_M_27.jpg,27
FinalData/Images/nain-abidi_F_27.jpg,27
FinalData/Images/Tareq Aziz_M_27.jpg,27
FinalData/Images/rumana-ahmed_F_27.jpg,27
FinalData/Images/Inzamam-ul-Haq_M_28.jpg,28
FinalData/Images/Elyse Villani_F_28.jpg,28
FinalData/Images/Kamran Akmal_M_28.jpg,28
FinalData/Images/Danielle Wyatt_F_28.jpg,28
FinalData/Images/Farveez Maharoof_M_28.jpg,28
FinalData/Images/Georgia Elwiss_F_28.jpg,28
FinalData/Images/Peter Ongondo_M_28.jpg,28
FinalData/Images/Lea Tahuhu_F_28.jpg,28
FinalData/Images/Jerome Taylor_M_28.jpg,28
FinalData/Images/Marizanne Kapp_F_28.jpg,28
FinalData/Images/Keith Dabengwa_M_28.jpg,28
FinalData/Images/Iram Javed_F_28.jpg,28
FinalData/Images/Brett Dorey_M_28.jpg,28
FinalData/Images/Gemma Triscari_F_28.jpg,28
FinalData/Images/Ryan Higgins_M_28.jpg,28
FinalData/Images/Jess Jonassen_F_28.jpg,28
FinalData/Images/Keegan Meth_M_28.jpg,28
FinalData/Images/Moseline Daniels_F_28.jpg,28
FinalData/Images/Sewnarine Chattergoon_M_28.jpg,28
FinalData/Images/Anam Amin_F_28.jpg,28
FinalData/Images/Friday Kasteni_M_28.jpg,28
FinalData/Images/Masabata Klaas_F_28.jpg,28
FinalData/Images/Nehemiah Odhiambo_M_28.jpg,28
FinalData/Images/Rumana Ahmed_F_28.jpg,28
FinalData/Images/Alexei Kervezee_M_28.jpg,28
FinalData/Images/Salma Khatun_F_28.jpg,28
FinalData/Images/Daan van Bunge_M_28.jpg,28
FinalData/Images/Sammy-Jo Johnson_F_28.jpg,28
FinalData/Images/Rajesh Pawar_M_28.jpg,28
FinalData/Images/Samantha Bates_F_28.jpg,28
FinalData/Images/Alex Obanda_M_28.jpg,28
FinalData/Images/Felicia Walters_F_28.jpg,28
FinalData/Images/Nasir Jamshed_M_28.jpg,28
FinalData/Images/elyse-villani_F_28.jpg,28
FinalData/Images/Neil McKenzie_M_28.jpg,28
FinalData/Images/gemma-triscari_F_28.jpg,28
FinalData/Images/Reinhardt Strydom_M_28.jpg,28
FinalData/Images/sarah-taylor_F_28.jpg,28
FinalData/Images/Alawi Shukri_M_28.jpg,28
FinalData/Images/anna-peterson_F_28.jpg,28
FinalData/Images/Aman Ali_M_28.jpg,28
FinalData/Images/morna-nielsen_F_28.jpg,28
FinalData/Images/Zahid Shah_M_28.jpg,28
FinalData/Images/kate-mckenna_F_28.jpg,28
FinalData/Images/Nikita Miller_M_28.jpg,28
FinalData/Images/kelsie-minty_F_28.jpg,28
FinalData/Images/Chris Dougherty_M_28.jpg,28
FinalData/Images/sugandika-kumari_F_28.jpg,28
FinalData/Images/Rakep Patel_M_28.jpg,28
FinalData/Images/masabatha-klass_F_28.jpg,28
FinalData/Images/Siddharth Trivedi_M_28.jpg,28
FinalData/Images/salma-khatun_F_28.jpg,28
FinalData/Images/Kevon Cooper_M_28.jpg,28
FinalData/Images/marizanne-kapp_F_28.jpg,28
FinalData/Images/Aiden Blizzard_M_28.jpg,28
FinalData/Images/kainat-imtiaz_F_28.jpg,28
FinalData/Images/Abhinav Mukund_M_28.jpg,28
FinalData/Images/brooke-hepburn_F_28.jpg,28
FinalData/Images/Jelte Schoonheim_M_28.jpg,28
FinalData/Images/laura-harris_F_28.jpg,28
FinalData/Images/Martin Suji_M_28.jpg,28
FinalData/Images/catherine-dalton_F_28.jpg,28
FinalData/Images/KP Appanna_M_28.jpg,28
FinalData/Images/briana-binch_F_28.jpg,28
FinalData/Images/Shabbir Ahmed_M_29.jpg,29
FinalData/Images/Mithali Raj_F_29.jpg,29
FinalData/Images/Hitesh Modi_M_29.jpg,29
FinalData/Images/Ekta Bisht_F_29.jpg,29
FinalData/Images/Kennedy Otieno_M_29.jpg,29
FinalData/Images/Shakera Selman_F_29.jpg,29
FinalData/Images/Enamul Haque jnr_M_29.jpg,29
FinalData/Images/Javeria Khan_F_29.jpg,29
FinalData/Images/Stuart Broad_M_29.jpg,29
FinalData/Images/Sadia Yousuf_F_29.jpg,29
FinalData/Images/Mehrab Hossain jnr_M_29.jpg,29
FinalData/Images/Danielle Hazell_F_29.jpg,29
FinalData/Images/Ravindra Jadeja_M_29.jpg,29
FinalData/Images/Chamari Athapaththu_F_29.jpg,29
FinalData/Images/Tanmay Srivastava_M_29.jpg,29
FinalData/Images/Sophie Devine_F_29.jpg,29
FinalData/Images/Shane Harwood_M_29.jpg,29
FinalData/Images/Mignon du Preez_F_29.jpg,29
FinalData/Images/Craig Wright_M_29.jpg,29
FinalData/Images/Rene Farrell_F_29.jpg,29
FinalData/Images/David Obuya_M_29.jpg,29
FinalData/Images/Shikha Pandey_F_29.jpg,29
FinalData/Images/Austin Richards_M_29.jpg,29
FinalData/Images/Anna Peterson_F_29.jpg,29
FinalData/Images/Durand Soraine_M_29.jpg,29
FinalData/Images/amy-satterthwaite_F_29.jpg,29
FinalData/Images/Khurram Manzoor_M_29.jpg,29
FinalData/Images/elizabeth-perry_F_29.jpg,29
FinalData/Images/Mansoor Amjad_M_29.jpg,29
FinalData/Images/hannah-perry_F_29.jpg,29
FinalData/Images/Courtney Kruger_M_29.jpg,29
FinalData/Images/erin-osborne_F_29.jpg,29
FinalData/Images/Irfan Ahmed_M_29.jpg,29
FinalData/Images/claire-koski_F_29.jpg,29
FinalData/Images/William Perkins_M_29.jpg,29
FinalData/Images/courtney-hill_F_29.jpg,29
FinalData/Images/Richie Berrington_M_29.jpg,29
FinalData/Images/alyssa-healy_F_29.jpg,29
FinalData/Images/Calum MacLeod_M_29.jpg,29
FinalData/Images/panna-ghosh_F_29.jpg,29
FinalData/Images/Moises Henriques_M_29.jpg,29
FinalData/Images/shanel-daley_F_29.jpg,29
FinalData/Images/Dhawal Kulkarni_M_29.jpg,29
FinalData/Images/sophie-devine_F_29.jpg,29
FinalData/Images/Abhishek Nayar_M_29.jpg,29
FinalData/Images/britney-cooper_F_29.jpg,29
FinalData/Images/Taurai Muzarabani_M_29.jpg,29
FinalData/Images/ekta-bisht_F_29.jpg,29
FinalData/Images/Seren Waters_M_29.jpg,29
FinalData/Images/nicole-bolton_F_29.jpg,29
FinalData/Images/Navin Stewart_M_29.jpg,29
FinalData/Images/kelly-applebee_F_29.jpg,29
FinalData/Images/Hamish Marshall_M_30.jpg,30
FinalData/Images/Anisa Mohammed_F_30.jpg,30
FinalData/Images/Parthiv Patel_M_30.jpg,30
FinalData/Images/Alyssa Healy_F_30.jpg,30
FinalData/Images/Yasir Hameed_M_30.jpg,30
FinalData/Images/Sana Mir_F_30.jpg,30
FinalData/Images/Khurram Khan_M_30.jpg,30
FinalData/Images/Asmavia Iqbal_F_30.jpg,30
FinalData/Images/Michael Clarke_M_30.jpg,30
FinalData/Images/Katherine Brunt_F_30.jpg,30
FinalData/Images/Elton Chigumbura_M_30.jpg,30
FinalData/Images/Inoka Ranaweera_F_30.jpg,30
FinalData/Images/Mluleki Nkala_M_30.jpg,30
FinalData/Images/Oshadi Ranasinghe_F_30.jpg,30
FinalData/Images/Aftab Ahmed_M_30.jpg,30
FinalData/Images/Katie Perkins_F_30.jpg,30
FinalData/Images/Nazmul Hossain_M_30.jpg,30
FinalData/Images/Trisha Chetty_F_30.jpg,30
FinalData/Images/Tony Suji_M_30.jpg,30
FinalData/Images/Lauren Winfield_F_30.jpg,30
FinalData/Images/Michael Papps_M_30.jpg,30
FinalData/Images/Delissa Kimmince_F_30.jpg,30
FinalData/Images/Corey Collymore_M_30.jpg,30
FinalData/Images/Chedean Nation_F_30.jpg,30
FinalData/Images/Zulqarnain Haider_M_30.jpg,30
FinalData/Images/Emma Inglis_F_30.jpg,30
FinalData/Images/Omari Banks_M_30.jpg,30
FinalData/Images/Courtney Hill_F_30.jpg,30
FinalData/Images/Russel Arnold_M_30.jpg,30
FinalData/Images/Brooke Hepburn_F_30.jpg,30
FinalData/Images/Ruchira Perera_M_30.jpg,30
FinalData/Images/vr-vanitha_F_30.jpg,30
FinalData/Images/Samiullah Khan_M_30.jpg,30
FinalData/Images/md-thirushkamini_F_30.jpg,30
FinalData/Images/Shakib Al Hasan_M_30.jpg,30
FinalData/Images/kirby-short_F_30.jpg,30
FinalData/Images/Loots Bosman_M_30.jpg,30
FinalData/Images/anisa-mohammed_F_30.jpg,30
FinalData/Images/Collins Obuya_M_30.jpg,30
FinalData/Images/laura-marsh_F_30.jpg,30
FinalData/Images/Navdeep Poonia_M_30.jpg,30
FinalData/Images/asmavia-iqbal-khokhar_F_30.jpg,30
FinalData/Images/Abdool Samad_M_30.jpg,30
FinalData/Images/javeria-khan_F_30.jpg,30
FinalData/Images/Sujeewa de Silva_M_30.jpg,30
FinalData/Images/isobel-joyce_F_30.jpg,30
FinalData/Images/Gary Wilson_M_30.jpg,30
FinalData/Images/shabnim-ismail_F_30.jpg,30
FinalData/Images/James Kirtley_M_30.jpg,30
FinalData/Images/jess-cameron_F_30.jpg,30
FinalData/Images/Regis Chakabva_M_30.jpg,30
FinalData/Images/dinesha-devnarain_F_30.jpg,30
FinalData/Images/Timycen Maruma_M_30.jpg,30
FinalData/Images/nida-rashid_F_30.jpg,30
FinalData/Images/Alfred Luseno_M_30.jpg,30
FinalData/Images/merissa-aguilleira_F_30.jpg,30
FinalData/Images/Brad Hogg_M_31.jpg,31
FinalData/Images/Merissa Aguilleira_F_31.jpg,31
FinalData/Images/Nafees Iqbal_M_31.jpg,31
FinalData/Images/Erin Osborne_F_31.jpg,31
FinalData/Images/Malhar Patel_M_31.jpg,31
FinalData/Images/Nida Dar_F_31.jpg,31
FinalData/Images/Graeme Cremer_M_31.jpg,31
FinalData/Images/Sarah Taylor_F_31.jpg,31
FinalData/Images/Bazid Khan_M_31.jpg,31
FinalData/Images/Laura Marsh_F_31.jpg,31
FinalData/Images/Marlon Samuels_M_31.jpg,31
FinalData/Images/Udeshika Prabodhani_F_31.jpg,31
FinalData/Images/Tushar Imran_M_31.jpg,31
FinalData/Images/Prasadani Weerakkody_F_31.jpg,31
FinalData/Images/Chris Mpofu_M_31.jpg,31
FinalData/Images/Shabnim Ismail_F_31.jpg,31
FinalData/Images/Piyush Chawla_M_31.jpg,31
FinalData/Images/Nicole Bolton_F_31.jpg,31
FinalData/Images/Alex Loudon_M_31.jpg,31
FinalData/Images/Katey Martin_F_31.jpg,31
FinalData/Images/Chamara Kapugedera_M_31.jpg,31
FinalData/Images/Tegan McPharlin_F_31.jpg,31
FinalData/Images/Michael Vandort_M_31.jpg,31
FinalData/Images/Erin Burns_F_31.jpg,31
FinalData/Images/Tafadzwa Mufambisi_M_31.jpg,31
FinalData/Images/Corinne Hall_F_31.jpg,31
FinalData/Images/Tanmay Mishra_M_31.jpg,31
FinalData/Images/Hannah Darlington_F_31.jpg,31
FinalData/Images/Nadif Chowdhury_M_31.jpg,31
FinalData/Images/inoshi-priyadarshani_F_31.jpg,31
FinalData/Images/S Badrinath_M_31.jpg,31
FinalData/Images/shikha-pandey_F_31.jpg,31
FinalData/Images/Rohit Sharma_M_31.jpg,31
FinalData/Images/delissa-kimmince_F_31.jpg,31
FinalData/Images/Lendl Simmons_M_31.jpg,31
FinalData/Images/nahida-khan_F_31.jpg,31
FinalData/Images/Tamim Iqbal_M_31.jpg,31
FinalData/Images/emma-kearney_F_31.jpg,31
FinalData/Images/Kieron Pollard_M_31.jpg,31
FinalData/Images/marina-iqbal_F_31.jpg,31
FinalData/Images/Lionel Cann_M_31.jpg,31
FinalData/Images/holly-huddleston_F_31.jpg,31
FinalData/Images/Ian Billcliff_M_31.jpg,31
FinalData/Images/corinne-hall_F_31.jpg,31
FinalData/Images/Kevin O Brien_M_31.jpg,31
FinalData/Images/lydia-greenway_F_31.jpg,31
FinalData/Images/Ishant Sharma_M_31.jpg,31
FinalData/Images/afy-fletcher_F_31.jpg,31
FinalData/Images/Junaid Siddique_M_31.jpg,31
FinalData/Images/rene-farrell_F_31.jpg,31
FinalData/Images/Sarfraz Ahmed_M_31.jpg,31
FinalData/Images/yolani-fourie_F_31.jpg,31
FinalData/Images/Trevor Garwe_M_31.jpg,31
FinalData/Images/erin-burns_F_31.jpg,31
FinalData/Images/Anwar Ali_M_31.jpg,31
FinalData/Images/katherine-brunt_F_31.jpg,31
FinalData/Images/Sajedul Islam_M_31.jpg,31
FinalData/Images/erin-bermingham_F_31.jpg,31
FinalData/Images/Dhiman Ghosh_M_31.jpg,31
FinalData/Images/suzie-bates_F_31.jpg,31
FinalData/Images/Brett Lee_M_32.jpg,32
FinalData/Images/Rachael Haynes_F_32.jpg,32
FinalData/Images/Khaled Mahmud_M_32.jpg,32
FinalData/Images/Nain Abidi_F_32.jpg,32
FinalData/Images/Khaled Mashud_M_32.jpg,32
FinalData/Images/Nahida Khan_F_32.jpg,32
FinalData/Images/Ajit Agarkar_M_32.jpg,32
FinalData/Images/Jenny Gunn_F_32.jpg,32
FinalData/Images/Geraint Jones_M_32.jpg,32
FinalData/Images/Shashikala Siriwardene_F_32.jpg,32
FinalData/Images/Brendan Taylor_M_32.jpg,32
FinalData/Images/Sripali Weerakkody_F_32.jpg,32
FinalData/Images/Prosper Utseya_M_32.jpg,32
FinalData/Images/Rachel Priest_F_32.jpg,32
FinalData/Images/Daniel Vettori_M_32.jpg,32
FinalData/Images/Marina Iqbal_F_32.jpg,32
FinalData/Images/Dwayne Bravo_M_32.jpg,32
FinalData/Images/Holly Huddleston_F_32.jpg,32
FinalData/Images/Brian Lara_M_32.jpg,32
FinalData/Images/Afy Fletcher_F_32.jpg,32
FinalData/Images/Sylvester Joseph_M_32.jpg,32
FinalData/Images/Kristen Beams_F_32.jpg,32
FinalData/Images/Daren Sammy_M_32.jpg,32
FinalData/Images/Kirby Short_F_32.jpg,32
FinalData/Images/Cameron White_M_32.jpg,32
FinalData/Images/Chloe Rafferty_F_32.jpg,32
FinalData/Images/Murali Kartik_M_32.jpg,32
FinalData/Images/eimear-richardson_F_32.jpg,32
FinalData/Images/Stuart MacGill_M_32.jpg,32
FinalData/Images/inoka-ranaweera_F_32.jpg,32
FinalData/Images/Xavier Marshall_M_32.jpg,32
FinalData/Images/shelley-nitschke_F_32.jpg,32
FinalData/Images/Ashwell Prince_M_32.jpg,32
FinalData/Images/yashoda-mendis_F_32.jpg,32
FinalData/Images/Shahid Nazir_M_32.jpg,32
FinalData/Images/isobel-joyce_F_32.jpg,32
FinalData/Images/Mushfiqur Rahim_M_32.jpg,32
FinalData/Images/emma-inglis_F_32.jpg,32
FinalData/Images/Shahadat Hossain_M_32.jpg,32
FinalData/Images/jodie-fields_F_32.jpg,32
FinalData/Images/Denesh Ramdin_M_32.jpg,32
FinalData/Images/trisha-chetty_F_32.jpg,32
FinalData/Images/Suresh Raina_M_32.jpg,32
FinalData/Images/sam-bates_F_32.jpg,32
FinalData/Images/James Franklin_M_32.jpg,32
FinalData/Images/kristen-beams_F_32.jpg,32
FinalData/Images/RP Singh_M_32.jpg,32
FinalData/Images/rahat-ali_F_32.jpg,32
FinalData/Images/Rahul Dravid_M_33.jpg,33
FinalData/Images/Jhulan Goswami_F_33.jpg,33
FinalData/Images/Steve Harmison_M_33.jpg,33
FinalData/Images/Dilani Manodara_F_33.jpg,33
FinalData/Images/Irfan Pathan_M_33.jpg,33
FinalData/Images/Suzie Bates_F_33.jpg,33
FinalData/Images/Mohammad Tauqir_M_33.jpg,33
FinalData/Images/Marcia Letsoalo_F_33.jpg,33
FinalData/Images/Sanath Jayasuriya_M_33.jpg,33
FinalData/Images/Annie O Neil_F_33.jpg,33
FinalData/Images/Mahela Jayawardene_M_33.jpg,33
FinalData/Images/shashikala-siriwardena_F_33.jpg,33
FinalData/Images/Avishka Gunawardene_M_33.jpg,33
FinalData/Images/sneh-rana_F_33.jpg,33
FinalData/Images/Alok Kapali_M_33.jpg,33
FinalData/Images/udeshika-prabodani_F_33.jpg,33
FinalData/Images/Rajin Saleh_M_33.jpg,33
FinalData/Images/rhiann-odonnell_F_33.jpg,33
FinalData/Images/Mohammad Ashraful_M_33.jpg,33
FinalData/Images/tremayne-smartt_F_33.jpg,33
FinalData/Images/Tapash Baisya_M_33.jpg,33
FinalData/Images/jhulan-goswamy_F_33.jpg,33
FinalData/Images/Imran Farhat_M_33.jpg,33
FinalData/Images/josie-dooley_F_33.jpg,33
FinalData/Images/Dinesh Karthik_M_33.jpg,33
FinalData/Images/alex-blackwell_F_33.jpg,33
FinalData/Images/Vusi Sibanda_M_33.jpg,33
FinalData/Images/sarah-aley_F_33.jpg,33
FinalData/Images/Mohammad Yousuf_M_34.jpg,34
FinalData/Images/Julie Hunter_F_34.jpg,34
FinalData/Images/Glenn McGrath_M_34.jpg,34
FinalData/Images/Eshani Lokusuriyage_F_34.jpg,34
FinalData/Images/Shoaib Malik_M_34.jpg,34
FinalData/Images/Sarah Aley_F_34.jpg,34
FinalData/Images/Stephen Fleming_M_34.jpg,34
FinalData/Images/matshipi-marcia-letsoalo_F_34.jpg,34
FinalData/Images/James Anderson_M_34.jpg,34
FinalData/Images/eshani-lokusuriya_F_34.jpg,34
FinalData/Images/Yuvraj Singh_M_34.jpg,34
FinalData/Images/cecelia-joyce_F_34.jpg,34
FinalData/Images/Thilina Kandamby_M_34.jpg,34
FinalData/Images/emily-divin_F_34.jpg,34
FinalData/Images/Sachin Tendulkar_M_35.jpg,35
FinalData/Images/Alex Blackwell_F_35.jpg,35
FinalData/Images/Mohammad Sami_M_35.jpg,35
FinalData/Images/Isobel Joyce_F_35.jpg,35
FinalData/Images/Abdul Razzaq_M_35.jpg,35
FinalData/Images/mithali-raj_F_35.jpg,35
FinalData/Images/Kabir Ali_M_35.jpg,35
FinalData/Images/lauren-ebsary_F_35.jpg,35
