name,age
FinalData/Images/VVS Laxman_M_42.jpg,42
FinalData/Images/Shoaib Akhtar_M_40.jpg,40
FinalData/Images/Adam Gilchrist_M_44.jpg,44
FinalData/Images/Andrew Symonds_M_43.jpg,43
FinalData/Images/Jason Gillespie_M_40.jpg,40
FinalData/Images/Marcus Trescothick_M_42.jpg,42
FinalData/Images/Nathan Astle_M_47.jpg,47
FinalData/Images/Chris Cairns_M_42.jpg,42
FinalData/Images/Scott Styris_M_43.jpg,43
FinalData/Images/Craig McMillan_M_43.jpg,43
FinalData/Images/Paul Collingwood_M_42.jpg,42
FinalData/Images/Arshad Ali_M_43.jpg,43
FinalData/Images/Anil Kumble_M_45.jpg,45
FinalData/Images/Muttiah Muralitharan_M_45.jpg,45
FinalData/Images/Habibul Bashar_M_45.jpg,45
FinalData/Images/Mohammad Rafique_M_45.jpg,45
FinalData/Images/Younis Khan_M_42.jpg,42
FinalData/Images/Shane Warne_M_43.jpg,43
FinalData/Images/Matthew Hayden_M_44.jpg,44
FinalData/Images/Michael Vaughan_M_44.jpg,44
FinalData/Images/Vikram Solanki_M_40.jpg,40
FinalData/Images/Ashley Giles_M_45.jpg,45
FinalData/Images/Daryl Tuffey_M_40.jpg,40
FinalData/Images/Mark Boucher_M_41.jpg,41
FinalData/Images/Shaun Pollock_M_45.jpg,45
FinalData/Images/Andre Nel_M_42.jpg,42
FinalData/Images/Misbah-ul-Haq_M_43.jpg,43
FinalData/Images/Rangana Herath_M_41.jpg,41
FinalData/Images/Justin Langer_M_46.jpg,46
FinalData/Images/Brad Hodge_M_44.jpg,44
FinalData/Images/Thilan Samaraweera_M_40.jpg,40
FinalData/Images/Pedro Collins_M_42.jpg,42
FinalData/Images/Craig Cumming_M_43.jpg,43
FinalData/Images/Daren Powell_M_40.jpg,40
FinalData/Images/Jon Lewis_M_40.jpg,40
FinalData/Images/Lou Vincent_M_40.jpg,40
FinalData/Images/Stuart Clark_M_44.jpg,44
FinalData/Images/Shaun Udal_M_50.jpg,50
FinalData/Images/Mick Lewis_M_44.jpg,44
FinalData/Images/Wasim Jaffer_M_40.jpg,40
FinalData/Images/Rawl Lewis_M_41.jpg,41
FinalData/Images/Roger Telemachus_M_46.jpg,46
FinalData/Images/Glen Chapple_M_44.jpg,44
FinalData/Images/Mal Loye_M_47.jpg,47
FinalData/Images/Gary Brent_M_42.jpg,42
FinalData/Images/Tyron Henderson_M_44.jpg,44
FinalData/Images/Paul Harris_M_40.jpg,40
FinalData/Images/Paul Nixon_M_47.jpg,47
FinalData/Images/Trent Johnston_M_43.jpg,43
FinalData/Images/Andre Botha_M_43.jpg,43
FinalData/Images/Dave Langford-Smith_M_40.jpg,40
FinalData/Images/Bas Zuiderent_M_42.jpg,42
FinalData/Images/Tim de Leede_M_50.jpg,50
FinalData/Images/Darron Reekers_M_44.jpg,44
FinalData/Images/Billy Stelling_M_40.jpg,40
FinalData/Images/Dougie Brown_M_49.jpg,49
FinalData/Images/Gavin Hamilton_M_44.jpg,44
FinalData/Images/Ryan Watson_M_42.jpg,42
FinalData/Images/Irving Romaine_M_46.jpg,46
FinalData/Images/Dwayne Leverock_M_48.jpg,48
FinalData/Images/John Davison_M_42.jpg,42
FinalData/Images/George Codrington_M_44.jpg,44
FinalData/Images/Sunil Dhaniram_M_44.jpg,44
FinalData/Images/Ashif Mulla_M_40.jpg,40
FinalData/Images/Edgar Schiferli_M_40.jpg,40
FinalData/Images/Arvind Kandappah_M_45.jpg,45
FinalData/Images/Aftab Shamsudeen_M_41.jpg,41
FinalData/Images/Ray Price_M_40.jpg,40
FinalData/Images/Chris Rogers_M_41.jpg,41
FinalData/Images/Abdur Rauf_M_41.jpg,41
FinalData/Images/Grant Elliott_M_41.jpg,41
FinalData/Images/Matthew Bell_M_41.jpg,41
FinalData/Images/Saqib Ali_M_40.jpg,40
FinalData/Images/Tabarak Dar_M_42.jpg,42
FinalData/Images/Roy Lamsam_M_40.jpg,40
FinalData/Images/Darren Pattinson_M_41.jpg,41
FinalData/Images/Bryce McGain_M_45.jpg,45
FinalData/Images/Jeevantha Kulatunga_M_46.jpg,46
FinalData/Images/Indika de Saram_M_45.jpg,45
FinalData/Images/Gareth Batty_M_41.jpg,41
FinalData/Images/Sanjayan Thuraisingam_M_47.jpg,47
FinalData/Images/Steven Welsh_M_44.jpg,44
FinalData/Images/Darren Lehmann_M_49.jpg,49
FinalData/Images/Musavir Khote_M_40.jpg,40
FinalData/Images/Sunil Kumar_M_40.jpg,40
FinalData/Images/David Johnson_M_47.jpg,47
FinalData/Images/Claude Henderson_M_45.jpg,45
FinalData/Images/Ben Phillips_M_42.jpg,42
FinalData/Images/Robin Martin-Jenkins_M_44.jpg,44
FinalData/Images/Damien Wright_M_40.jpg,40
FinalData/Images/Ian Philip_M_41.jpg,41
FinalData/Images/Bruce Patterson_M_41.jpg,41
FinalData/Images/George Salmond_M_46.jpg,46
FinalData/Images/Dipak Chudasama_M_44.jpg,44
FinalData/Images/Aasif Karim_M_41.jpg,41
FinalData/Images/Sandeep Gupta_M_43.jpg,43
FinalData/Images/Aminul Islam_M_42.jpg,42
FinalData/Images/Athar Ali Khan_M_44.jpg,44
FinalData/Images/Akram Khan_M_41.jpg,41
FinalData/Images/Enamul Haque_M_45.jpg,45
FinalData/Images/Shahriar Hossain_M_41.jpg,41
FinalData/Images/Joe Harris_M_45.jpg,45
FinalData/Images/Ashish Patel_M_43.jpg,43
FinalData/Images/Manoj David_M_40.jpg,40
FinalData/Images/Flavian Aponso_M_43.jpg,43
FinalData/Images/Peter Cantrell_M_53.jpg,53
FinalData/Images/Paul-Jan Bakker_M_51.jpg,51
FinalData/Images/Eric Gouka_M_48.jpg,48
FinalData/Images/Nolan Clarke_M_41.jpg,41
FinalData/Images/Steven Lubbers_M_45.jpg,45
FinalData/Images/Klaas-Jan van Noortwijk_M_49.jpg,49
FinalData/Images/Feiko Kloppenburg_M_42.jpg,42
FinalData/Images/Duncan Fletcher_M_58.jpg,58
FinalData/Images/Iain Butchart_M_43.jpg,43
FinalData/Images/Vince Hogg_M_44.jpg,44
FinalData/Images/Dave Houghton_M_49.jpg,49
FinalData/Images/Andy Pycroft_M_48.jpg,48
FinalData/Images/Malcolm Jarvis_M_43.jpg,43
FinalData/Images/Babu Meman_M_56.jpg,56
FinalData/Images/Kevin Arnott_M_57.jpg,57
FinalData/Images/Andy Flower_M_47.jpg,47
FinalData/Images/David Brain_M_48.jpg,48
FinalData/Images/Gary Crocker_M_56.jpg,56
FinalData/Images/Mark Dekker_M_42.jpg,42
FinalData/Images/Paul Strang_M_46.jpg,46
FinalData/Images/Murray Goodwin_M_44.jpg,44
FinalData/Images/Gus Mackay_M_44.jpg,44
FinalData/Images/Somachandra De Silva_M_49.jpg,49
FinalData/Images/Ranjit Fernando_M_55.jpg,55
FinalData/Images/Lalith Kaluperuma_M_53.jpg,53
FinalData/Images/Tony Opatha_M_51.jpg,51
FinalData/Images/Duleep Mendis_M_45.jpg,45
FinalData/Images/Anura Tennekoon_M_54.jpg,54
FinalData/Images/Michael Tissera_M_56.jpg,56
FinalData/Images/Bandula Warnapura_M_48.jpg,48
FinalData/Images/Roy Dias_M_43.jpg,43
FinalData/Images/Arjuna Ranatunga_M_43.jpg,43
FinalData/Images/Ashantha de Mel_M_49.jpg,49
FinalData/Images/Rumesh Ratnayake_M_51.jpg,51
FinalData/Images/Brendon Kuruppu_M_43.jpg,43
FinalData/Images/Aravinda de Silva_M_42.jpg,42
FinalData/Images/Gamini Perera_M_45.jpg,45
FinalData/Images/Graeme Labrooy_M_54.jpg,54
FinalData/Images/Champaka Ramanayake_M_51.jpg,51
FinalData/Images/Asoka De Silva_M_44.jpg,44
FinalData/Images/Dammika Ranatunga_M_48.jpg,48
FinalData/Images/Jayananda Warnaweera_M_57.jpg,57
FinalData/Images/Dulip Liyanage_M_45.jpg,45
FinalData/Images/Nishantha Ranatunga_M_45.jpg,45
FinalData/Images/Gamini Wickremasinghe_M_45.jpg,45
FinalData/Images/Pubudu Dassanayake_M_46.jpg,46
FinalData/Images/Hemantha Wickramaratne_M_41.jpg,41
FinalData/Images/Chaminda Mendis_M_42.jpg,42
FinalData/Images/Majid Khan_M_45.jpg,45
FinalData/Images/Intikhab Alam_M_49.jpg,49
FinalData/Images/Saleem Altaf_M_58.jpg,58
FinalData/Images/Sadiq Mohammad_M_50.jpg,50
FinalData/Images/Mushtaq Mohammad_M_45.jpg,45
FinalData/Images/Imran Khan_M_43.jpg,43
FinalData/Images/Pervez Mir_M_44.jpg,44
FinalData/Images/Shafiq Ahmed_M_45.jpg,45
FinalData/Images/Haroon Rasheed_M_57.jpg,57
FinalData/Images/Mudassar Nazar_M_45.jpg,45
FinalData/Images/Sikander Bakht_M_59.jpg,59
FinalData/Images/Iqbal Qasim_M_58.jpg,58
FinalData/Images/Azmat Rana_M_58.jpg,58
FinalData/Images/Mansoor Akhtar_M_49.jpg,49
FinalData/Images/Javed Miandad_M_44.jpg,44
FinalData/Images/Taslim Arif_M_44.jpg,44
FinalData/Images/Saleem Yousuf_M_42.jpg,42
FinalData/Images/Tauseef Ahmed_M_44.jpg,44
FinalData/Images/Abdul Qadir_M_42.jpg,42
FinalData/Images/Azeem Hafeez_M_42.jpg,42
FinalData/Images/Wasim Akram_M_44.jpg,44
FinalData/Images/Manzoor Elahi_M_55.jpg,55
FinalData/Images/Zakir Khan_M_54.jpg,54
FinalData/Images/Mohsin Kamal_M_46.jpg,46
FinalData/Images/Saleem Jaffar_M_54.jpg,54
FinalData/Images/Shakeel Khan_M_43.jpg,43
FinalData/Images/Aaqib Javed_M_45.jpg,45
FinalData/Images/Waqar Younis_M_46.jpg,46
FinalData/Images/Aamer Malik_M_46.jpg,46
FinalData/Images/Mushtaq Ahmed_M_46.jpg,46
FinalData/Images/Nadeem Ghauri_M_45.jpg,45
FinalData/Images/Akram Raza_M_44.jpg,44
FinalData/Images/Moin Khan_M_45.jpg,45
FinalData/Images/Naeem Ashraf_M_45.jpg,45
FinalData/Images/Shahid Anwar_M_44.jpg,44
FinalData/Images/Zahoor Elahi_M_47.jpg,47
FinalData/Images/Mohammad Zahid_M_40.jpg,40
FinalData/Images/Manzoor Akhtar_M_42.jpg,42
FinalData/Images/Naved Latif_M_40.jpg,40
FinalData/Images/Farokh Engineer_M_44.jpg,44
FinalData/Images/Sunil Gavaskar_M_51.jpg,51
FinalData/Images/Syed Abid Ali_M_42.jpg,42
FinalData/Images/Bishan Bedi_M_44.jpg,44
FinalData/Images/Brijesh Patel_M_51.jpg,51
FinalData/Images/Srinivas Venkataraghavan_M_47.jpg,47
FinalData/Images/Gopal Bose_M_58.jpg,58
FinalData/Images/Gundappa Viswanath_M_54.jpg,54
FinalData/Images/Ajit Wadekar_M_51.jpg,51
FinalData/Images/Anshuman Gaekwad_M_51.jpg,51
FinalData/Images/Parthasarthi Sharma_M_60.jpg,60
FinalData/Images/Karsan Ghavri_M_67.jpg,67
FinalData/Images/Syed Kirmani_M_57.jpg,57
FinalData/Images/Sudhakar Rao_M_67.jpg,67
FinalData/Images/Dilip Vengsarkar_M_43.jpg,43
FinalData/Images/Chetan Chauhan_M_52.jpg,52
FinalData/Images/Kapil Dev_M_43.jpg,43
FinalData/Images/Yashpal Sharma_M_43.jpg,43
FinalData/Images/Bharath Reddy_M_54.jpg,54
FinalData/Images/Surinder Khanna_M_62.jpg,62
FinalData/Images/Kirti Azad_M_44.jpg,44
FinalData/Images/Tirumalai Srinivasan_M_41.jpg,41
FinalData/Images/Yograj Singh_M_53.jpg,53
FinalData/Images/Sandeep Patil_M_45.jpg,45
FinalData/Images/Ravi Shastri_M_43.jpg,43
FinalData/Images/Ashok Malhotra_M_61.jpg,61
FinalData/Images/Arun Lal_M_49.jpg,49
FinalData/Images/Balwinder Sandhu_M_48.jpg,48
FinalData/Images/Maninder Singh_M_44.jpg,44
FinalData/Images/Kris Srikkanth_M_45.jpg,45
FinalData/Images/Kiran More_M_47.jpg,47
FinalData/Images/Lalchand Rajput_M_44.jpg,44
FinalData/Images/Gopal Sharma_M_58.jpg,58
FinalData/Images/Chandrakant Pandit_M_48.jpg,48
FinalData/Images/Mohammad Azharuddin_M_43.jpg,43
FinalData/Images/Shivlal Yadav_M_51.jpg,51
FinalData/Images/Bharat Arun_M_45.jpg,45
FinalData/Images/Arshad Ayub_M_43.jpg,43
FinalData/Images/Navjot Sidhu_M_40.jpg,40
FinalData/Images/V.B.Chandrasekhar_M_45.jpg,45
FinalData/Images/Vivek Razdan_M_43.jpg,43
FinalData/Images/Atul Wassan_M_42.jpg,42
FinalData/Images/Gursharan Singh_M_56.jpg,56
FinalData/Images/Saradindu Mukherjee_M_48.jpg,48
FinalData/Images/Subroto Banerjee_M_49.jpg,49
FinalData/Images/Pravin Amre_M_44.jpg,44
FinalData/Images/Vijay Yadav_M_51.jpg,51
FinalData/Images/Rajesh Chauhan_M_43.jpg,43
FinalData/Images/Utpal Chatterjee_M_53.jpg,53
FinalData/Images/Vikram Rathour_M_49.jpg,49
FinalData/Images/Debasis Mohanty_M_42.jpg,42
FinalData/Images/Sairaj Bahutule_M_43.jpg,43
FinalData/Images/Harvinder Singh_M_40.jpg,40
FinalData/Images/Mannava Prasad_M_43.jpg,43
FinalData/Images/Gagan Khoda_M_44.jpg,44
FinalData/Images/Jatin Paranjpe_M_46.jpg,46
FinalData/Images/Hemang Badani_M_42.jpg,42
FinalData/Images/Deep Dasgupta_M_41.jpg,41
FinalData/Images/Sarandeep Singh_M_40.jpg,40
FinalData/Images/Peter Coman_M_44.jpg,44
FinalData/Images/Mark Burgess_M_42.jpg,42
FinalData/Images/Sir Richard Hadlee_M_58.jpg,58
FinalData/Images/Dayle Hadlee_M_49.jpg,49
FinalData/Images/Bev Congdon_M_45.jpg,45
FinalData/Images/Hedley Howarth_M_45.jpg,45
FinalData/Images/Brian Hastings_M_48.jpg,48
FinalData/Images/Ken Wadsworth_M_48.jpg,48
FinalData/Images/Glenn Turner_M_44.jpg,44
FinalData/Images/Lance Cairns_M_69.jpg,69
FinalData/Images/Rodney Redmond_M_41.jpg,41
FinalData/Images/Robert Anderson_M_57.jpg,57
FinalData/Images/John Morrison_M_59.jpg,59
FinalData/Images/Gary Troup_M_49.jpg,49
FinalData/Images/Stephen Boock_M_48.jpg,48
FinalData/Images/John Wright_M_54.jpg,54
FinalData/Images/Warren Lees_M_43.jpg,43
FinalData/Images/Jeremy Coney_M_54.jpg,54
FinalData/Images/Ian Smith_M_61.jpg,61
FinalData/Images/Martin Snedden_M_44.jpg,44
FinalData/Images/Bruce Blair_M_51.jpg,51
FinalData/Images/Jeff Crowe_M_52.jpg,52
FinalData/Images/John Bracewell_M_62.jpg,62
FinalData/Images/Evan Gray_M_62.jpg,62
FinalData/Images/Ken Rutherford_M_43.jpg,43
FinalData/Images/Tony Blain_M_48.jpg,48
FinalData/Images/Dipak Patel_M_48.jpg,48
FinalData/Images/Andrew Jones_M_59.jpg,59
FinalData/Images/Danny Morrison_M_50.jpg,50
FinalData/Images/Mark Greatbatch_M_51.jpg,51
FinalData/Images/Shane Thomson_M_49.jpg,49
FinalData/Images/Gavin Larsen_M_46.jpg,46
FinalData/Images/Mark Priest_M_42.jpg,42
FinalData/Images/Richard Petrie_M_48.jpg,48
FinalData/Images/Grant Bradburn_M_41.jpg,41
FinalData/Images/Chris Harris_M_47.jpg,47
FinalData/Images/Simon Doull_M_42.jpg,42
FinalData/Images/Mark Haslam_M_44.jpg,44
FinalData/Images/Jonathan Millmow_M_50.jpg,50
FinalData/Images/Justin Vaughan_M_43.jpg,43
FinalData/Images/Jeff Wilson_M_45.jpg,45
FinalData/Images/Darrin Murray_M_50.jpg,50
FinalData/Images/Roger Twose_M_43.jpg,43
FinalData/Images/Craig Spearman_M_45.jpg,45
FinalData/Images/Chris Drum_M_42.jpg,42
FinalData/Images/Carl Bulfin_M_46.jpg,46
FinalData/Images/Glen Sulzberger_M_42.jpg,42
FinalData/Images/Rohan Kanhai_M_58.jpg,58
FinalData/Images/Vanburn Holder_M_43.jpg,43
FinalData/Images/Roy Fredericks_M_51.jpg,51
FinalData/Images/Clive Lloyd_M_49.jpg,49
FinalData/Images/Sir Garry Sobers_M_62.jpg,62
FinalData/Images/Ron Headley_M_42.jpg,42
FinalData/Images/Sir Viv Richards_M_60.jpg,60
FinalData/Images/David Murray_M_44.jpg,44
FinalData/Images/Deryck Murray_M_42.jpg,42
FinalData/Images/Richard Austin_M_64.jpg,64
FinalData/Images/Collis King_M_67.jpg,67
FinalData/Images/Faoud Bacchus_M_41.jpg,41
FinalData/Images/Colin Croft_M_65.jpg,65
FinalData/Images/Lawrence Rowe_M_43.jpg,43
FinalData/Images/Michael Holding_M_64.jpg,64
FinalData/Images/Joel Garner_M_66.jpg,66
FinalData/Images/Derick Parry_M_63.jpg,63
FinalData/Images/Norbert Phillip_M_70.jpg,70
FinalData/Images/Malcolm Marshall_M_41.jpg,41
FinalData/Images/Milton Pydanna_M_44.jpg,44
FinalData/Images/Jeff Dujon_M_51.jpg,51
FinalData/Images/Eldine Baptiste_M_58.jpg,58
FinalData/Images/Roger Harper_M_49.jpg,49
FinalData/Images/Tony Gray_M_55.jpg,55
FinalData/Images/Patrick Patterson_M_57.jpg,57
FinalData/Images/Carlisle Best_M_59.jpg,59
FinalData/Images/David Williams_M_48.jpg,48
FinalData/Images/Sir Curtly Ambrose_M_41.jpg,41
FinalData/Images/Winston Benjamin_M_43.jpg,43
FinalData/Images/Ezra Moseley_M_41.jpg,41
FinalData/Images/Jimmy Adams_M_40.jpg,40
FinalData/Images/Robert Samuels_M_46.jpg,46
FinalData/Images/Dinanath Ramnarine_M_42.jpg,42
FinalData/Images/Hendy Bryan_M_48.jpg,48
FinalData/Images/Leon Garrick_M_42.jpg,42
FinalData/Images/Barberton Halliwell_M_45.jpg,45
FinalData/Images/Robert Poore_M_44.jpg,44
FinalData/Images/Henry Taberer_M_44.jpg,44
FinalData/Images/Johannes Kotze_M_44.jpg,44
FinalData/Images/Reggie Schwarz_M_48.jpg,48
FinalData/Images/Gordon White_M_51.jpg,51
FinalData/Images/Bert Vogler_M_44.jpg,44
FinalData/Images/Frank Mitchell_M_47.jpg,47
FinalData/Images/George Parker_M_44.jpg,44
FinalData/Images/Tuppy Owen-Smith_M_44.jpg,44
FinalData/Images/Xen Balaskas_M_51.jpg,51
FinalData/Images/Dudley Nourse_M_56.jpg,56
FinalData/Images/Alan Melville_M_61.jpg,61
FinalData/Images/Jack Plimsoll_M_48.jpg,48
FinalData/Images/Paul Winslow_M_43.jpg,43
FinalData/Images/Eddie Fuller_M_62.jpg,62
FinalData/Images/Neil Adcock_M_50.jpg,50
FinalData/Images/Eddie Barlow_M_50.jpg,50
FinalData/Images/Peter Pollock_M_60.jpg,60
FinalData/Images/Peter van der Merwe_M_44.jpg,44
FinalData/Images/Graeme Pollock_M_61.jpg,61
FinalData/Images/Ali Bacher_M_54.jpg,54
FinalData/Images/Mike Procter_M_56.jpg,56
FinalData/Images/Barry Richards_M_65.jpg,65
FinalData/Images/Tertius Bosch_M_43.jpg,43
FinalData/Images/Hansie Cronje_M_41.jpg,41
FinalData/Images/Allan Donald_M_41.jpg,41
FinalData/Images/Meyrick Pringle_M_43.jpg,43
FinalData/Images/Peter Kirsten_M_49.jpg,49
FinalData/Images/Dave Richardson_M_45.jpg,45
FinalData/Images/Jimmy Cook_M_51.jpg,51
FinalData/Images/Kepler Wessels_M_43.jpg,43
FinalData/Images/Omar Henry_M_53.jpg,53
FinalData/Images/Brian McMillan_M_42.jpg,42
FinalData/Images/Jonty Rhodes_M_49.jpg,49
FinalData/Images/Gary Kirsten_M_51.jpg,51
FinalData/Images/Daryll Cullinan_M_51.jpg,51
FinalData/Images/HD Ackerman_M_45.jpg,45
FinalData/Images/Steve Elworthy_M_43.jpg,43
FinalData/Images/Pieter Strydom_M_41.jpg,41
FinalData/Images/Martin van Jaarsveld_M_41.jpg,41
FinalData/Images/Greg Chappell_M_53.jpg,53
FinalData/Images/Rod Marsh_M_49.jpg,49
FinalData/Images/Ian Chappell_M_50.jpg,50
FinalData/Images/Garth McKenzie_M_48.jpg,48
FinalData/Images/Alan Connolly_M_41.jpg,41
FinalData/Images/Bill Lawry_M_52.jpg,52
FinalData/Images/Keith Stackpole_M_44.jpg,44
FinalData/Images/Ian Redpath_M_58.jpg,58
FinalData/Images/Dennis Lillee_M_54.jpg,54
FinalData/Images/Doug Walters_M_60.jpg,60
FinalData/Images/Graeme Watson_M_42.jpg,42
FinalData/Images/Paul Sheahan_M_56.jpg,56
FinalData/Images/Gary Gilmour_M_42.jpg,42
FinalData/Images/Wally Edwards_M_69.jpg,69
FinalData/Images/Max Walker_M_70.jpg,70
FinalData/Images/Terry Jenner_M_58.jpg,58
FinalData/Images/Alan Turner_M_68.jpg,68
FinalData/Images/Jeff Thomson_M_57.jpg,57
FinalData/Images/Mick Malone_M_49.jpg,49
FinalData/Images/David Hookes_M_46.jpg,46
FinalData/Images/Alan Hurst_M_55.jpg,55
FinalData/Images/Len Pascoe_M_50.jpg,50
FinalData/Images/Kerry OKeeffe_M_51.jpg,51
FinalData/Images/Rick Darling_M_50.jpg,50
FinalData/Images/Ian Callen_M_43.jpg,43
FinalData/Images/Wayne Clark_M_51.jpg,51
FinalData/Images/Steve Rixon_M_62.jpg,62
FinalData/Images/Bob Simpson_M_50.jpg,50
FinalData/Images/Peter Toohey_M_42.jpg,42
FinalData/Images/Graham Yallop_M_51.jpg,51
FinalData/Images/Bruce Yardley_M_47.jpg,47
FinalData/Images/Allan Border_M_49.jpg,49
FinalData/Images/Graeme Wood_M_42.jpg,42
FinalData/Images/Andrew Hilditch_M_62.jpg,62
FinalData/Images/Julien Wiener_M_63.jpg,63
FinalData/Images/Dav Whatmore_M_53.jpg,53
FinalData/Images/Martin Kent_M_42.jpg,42
FinalData/Images/John Dyson_M_49.jpg,49
FinalData/Images/Geoff Lawson_M_47.jpg,47
FinalData/Images/Greg Ritchie_M_46.jpg,46
FinalData/Images/Wayne Phillips_M_49.jpg,49
FinalData/Images/Terry Alderman_M_44.jpg,44
FinalData/Images/Carl Rackemann_M_50.jpg,50
FinalData/Images/Greg Matthews_M_44.jpg,44
FinalData/Images/Simon ODonnell_M_54.jpg,54
FinalData/Images/Steve Waugh_M_51.jpg,51
FinalData/Images/Dave Gilbert_M_44.jpg,44
FinalData/Images/Mike Veletta_M_49.jpg,49
FinalData/Images/Greg Dyer_M_50.jpg,50
FinalData/Images/Bruce Reid_M_47.jpg,47
FinalData/Images/Tim Zoehrer_M_41.jpg,41
FinalData/Images/Andrew Zesers_M_45.jpg,45
FinalData/Images/Merv Hughes_M_44.jpg,44
FinalData/Images/Ian Healy_M_53.jpg,53
FinalData/Images/Paul Reiffel_M_50.jpg,50
FinalData/Images/Shane Lee_M_45.jpg,45
FinalData/Images/Greg Blewett_M_41.jpg,41
FinalData/Images/Michael Di Venuto_M_43.jpg,43
FinalData/Images/Andy Bichel_M_48.jpg,48
FinalData/Images/Paul Wilson_M_45.jpg,45
FinalData/Images/Tom Emmett_M_56.jpg,56
FinalData/Images/James Southerton_M_46.jpg,46
FinalData/Images/Lord Harris_M_61.jpg,61
FinalData/Images/Alfred Shaw_M_48.jpg,48
FinalData/Images/George Ulyett_M_54.jpg,54
FinalData/Images/John Selby_M_50.jpg,50
FinalData/Images/Monkey Hornby_M_64.jpg,64
FinalData/Images/Alexander Webbe_M_48.jpg,48
FinalData/Images/Billy Barnes_M_51.jpg,51
FinalData/Images/Fred Grace_M_48.jpg,48
FinalData/Images/Fred Morley_M_51.jpg,51
FinalData/Images/Allan Steel_M_43.jpg,43
FinalData/Images/Billy Bates_M_44.jpg,44
FinalData/Images/Billy Midwinter_M_43.jpg,43
FinalData/Images/Ted Peate_M_59.jpg,59
FinalData/Images/Dick Pilling_M_67.jpg,67
FinalData/Images/Arthur Shrewsbury_M_42.jpg,42
FinalData/Images/Ivo Bligh_M_44.jpg,44
FinalData/Images/Walter Read_M_44.jpg,44
FinalData/Images/Johnny Briggs_M_41.jpg,41
FinalData/Images/George Lohmann_M_41.jpg,41
FinalData/Images/Edmund Tylecote_M_40.jpg,40
FinalData/Images/Bobby Peel_M_45.jpg,45
FinalData/Images/Sir Aubrey Smith_M_53.jpg,53
FinalData/Images/Gregor MacGregor_M_47.jpg,47
FinalData/Images/Fred Martin_M_54.jpg,54
FinalData/Images/Victor Barton_M_44.jpg,44
FinalData/Images/William Chatterton_M_62.jpg,62
FinalData/Images/Jack Hearne_M_40.jpg,40
FinalData/Images/Billy Murdoch_M_53.jpg,53
FinalData/Images/Stanley Jackson_M_44.jpg,44
FinalData/Images/Arthur Mold_M_44.jpg,44
FinalData/Images/Bill Lockwood_M_41.jpg,41
FinalData/Images/Tom Richardson_M_44.jpg,44
FinalData/Images/Bill Brockwell_M_49.jpg,49
FinalData/Images/Lord Hawke_M_59.jpg,59
FinalData/Images/Tom Hayward_M_58.jpg,58
FinalData/Images/Dick Lilley_M_50.jpg,50
FinalData/Images/Ranji_M_44.jpg,44
FinalData/Images/Jack Mason_M_41.jpg,41
FinalData/Images/Sir Pelham Warner_M_51.jpg,51
FinalData/Images/Gilbert Jessop_M_57.jpg,57
FinalData/Images/Willie Quaife_M_65.jpg,65
FinalData/Images/Fred Tate_M_44.jpg,44
FinalData/Images/Tip Foster_M_47.jpg,47
FinalData/Images/Albert Relf_M_59.jpg,59
FinalData/Images/Frederick Fane_M_44.jpg,44
FinalData/Images/George Gunn_M_55.jpg,55
FinalData/Images/Sir Jack Hobbs_M_48.jpg,48
FinalData/Images/Douglas Carr_M_55.jpg,55
FinalData/Images/Jack Sharp_M_52.jpg,52
FinalData/Images/Frank Woolley_M_61.jpg,61
FinalData/Images/Young Jack Hearne_M_50.jpg,50
FinalData/Images/Phil Mead_M_58.jpg,58
FinalData/Images/Major Booth_M_44.jpg,44
FinalData/Images/Lionel Tennyson_M_51.jpg,51
FinalData/Images/Jack Russell_M_41.jpg,41
FinalData/Images/Harry Makepeace_M_54.jpg,54
FinalData/Images/Percy Fender_M_54.jpg,54
FinalData/Images/Andy Ducat_M_48.jpg,48
FinalData/Images/Andy Sandham_M_48.jpg,48
FinalData/Images/George Macaulay_M_53.jpg,53
FinalData/Images/Frank Mann_M_56.jpg,56
FinalData/Images/Alex Kennedy_M_54.jpg,54
FinalData/Images/Arthur Carr_M_54.jpg,54
FinalData/Images/Herbert Sutcliffe_M_51.jpg,51
FinalData/Images/George Wood_M_61.jpg,61
FinalData/Images/Dick Tyldesley_M_44.jpg,44
FinalData/Images/Harold Larwood_M_40.jpg,40
FinalData/Images/Fred Root_M_51.jpg,51
FinalData/Images/Jack MacBryan_M_48.jpg,48
FinalData/Images/Wally Hammond_M_42.jpg,42
FinalData/Images/Ian Peebles_M_44.jpg,44
FinalData/Images/Sam Staples_M_43.jpg,43
FinalData/Images/Bob Wyatt_M_43.jpg,43
FinalData/Images/Douglas Jardine_M_46.jpg,46
FinalData/Images/Jack O Connor_M_48.jpg,48
FinalData/Images/Les Ames_M_44.jpg,44
FinalData/Images/Maurice Turnbull_M_43.jpg,43
FinalData/Images/Stan Worthington_M_44.jpg,44
FinalData/Images/Sir Gubby Allen_M_44.jpg,44
FinalData/Images/Harry Lee_M_53.jpg,53
FinalData/Images/Bill Bowes_M_54.jpg,54
FinalData/Images/Hedley Verity_M_48.jpg,48
FinalData/Images/Nawab of Pataudi_M_54.jpg,54
FinalData/Images/Tommy Mitchell_M_46.jpg,46
FinalData/Images/Charlie Barnett_M_54.jpg,54
FinalData/Images/Charles Marriott_M_54.jpg,54
FinalData/Images/Eric Hollies_M_43.jpg,43
FinalData/Images/Jim Sims_M_45.jpg,45
FinalData/Images/Sir Leonard Hutton_M_48.jpg,48
FinalData/Images/Arthur Wellard_M_42.jpg,42
FinalData/Images/Denis Compton_M_48.jpg,48
FinalData/Images/Bill Edrich_M_51.jpg,51
FinalData/Images/Norman Yardley_M_42.jpg,42
FinalData/Images/Dick Pollard_M_41.jpg,41
FinalData/Images/Peter Smith_M_58.jpg,58
FinalData/Images/Tom Dollery_M_44.jpg,44
FinalData/Images/Jim Laker_M_44.jpg,44
FinalData/Images/Maurice Tremlett_M_42.jpg,42
FinalData/Images/Billy Griffith_M_58.jpg,58
FinalData/Images/Johnny Wardle_M_49.jpg,49
FinalData/Images/George Emmett_M_51.jpg,51
FinalData/Images/Allan Watkins_M_44.jpg,44
FinalData/Images/Les Jackson_M_53.jpg,53
FinalData/Images/Reg Simpson_M_43.jpg,43
FinalData/Images/Alan Wharton_M_49.jpg,49
FinalData/Images/Brian Close_M_51.jpg,51
FinalData/Images/Derek Shackleton_M_48.jpg,48
FinalData/Images/Doug Insole_M_56.jpg,56
FinalData/Images/Arthur McIntyre_M_46.jpg,46
FinalData/Images/David Sheppard_M_47.jpg,47
FinalData/Images/Brian Statham_M_48.jpg,48
FinalData/Images/Tom Graveney_M_42.jpg,42
FinalData/Images/Peter May_M_48.jpg,48
FinalData/Images/Don Kenyon_M_48.jpg,48
FinalData/Images/Charles Palmer_M_44.jpg,44
FinalData/Images/Jim McConnon_M_50.jpg,50
FinalData/Images/Frank Tyson_M_47.jpg,47
FinalData/Images/Ken Barrington_M_43.jpg,43
FinalData/Images/Colin Cowdrey_M_49.jpg,49
FinalData/Images/Arthur Milton_M_49.jpg,49
FinalData/Images/Ray Illingworth_M_45.jpg,45
FinalData/Images/Tommy Greenhough_M_42.jpg,42
FinalData/Images/Ted Dexter_M_45.jpg,45
FinalData/Images/Peter Walker_M_40.jpg,40
FinalData/Images/Eric Russell_M_43.jpg,43
FinalData/Images/Peter Parfitt_M_42.jpg,42
FinalData/Images/Micky Stewart_M_48.jpg,48
FinalData/Images/John Edrich_M_54.jpg,54
FinalData/Images/Geoff Boycott_M_43.jpg,43
FinalData/Images/David Brown_M_42.jpg,42
FinalData/Images/Ken Higgs_M_44.jpg,44
FinalData/Images/Colin Milburn_M_55.jpg,55
FinalData/Images/Robin Hobbs_M_45.jpg,45
FinalData/Images/Basil D Oliveira_M_43.jpg,43
FinalData/Images/Dennis Amiss_M_67.jpg,67
FinalData/Images/Derek Underwood_M_43.jpg,43
FinalData/Images/Geoff Arnold_M_49.jpg,49
FinalData/Images/Pat Pocock_M_45.jpg,45
FinalData/Images/Alan Knott_M_57.jpg,57
FinalData/Images/Keith Fletcher_M_42.jpg,42
FinalData/Images/John Hampshire_M_49.jpg,49
FinalData/Images/Mike Denness_M_44.jpg,44
FinalData/Images/Brian Luckhurst_M_44.jpg,44
FinalData/Images/Bob Willis_M_68.jpg,68
FinalData/Images/Bob Taylor_M_46.jpg,46
FinalData/Images/Tony Greig_M_43.jpg,43
FinalData/Images/Graham Roope_M_51.jpg,51
FinalData/Images/Jack Birkenshaw_M_59.jpg,59
FinalData/Images/Graham Gooch_M_51.jpg,51
FinalData/Images/David Lloyd_M_53.jpg,53
FinalData/Images/David Steele_M_49.jpg,49
FinalData/Images/Bob Woolmer_M_61.jpg,61
FinalData/Images/Mike Selvey_M_43.jpg,43
FinalData/Images/Peter Willey_M_51.jpg,51
FinalData/Images/Graham Barlow_M_51.jpg,51
FinalData/Images/John Lever_M_47.jpg,47
FinalData/Images/Sir Ian Botham_M_46.jpg,46
FinalData/Images/Derek Randall_M_44.jpg,44
FinalData/Images/Brian Rose_M_56.jpg,56
FinalData/Images/Clive Radley_M_42.jpg,42
FinalData/Images/Geoff Miller_M_56.jpg,56
FinalData/Images/Mike Gatting_M_61.jpg,61
FinalData/Images/David Gower_M_61.jpg,61
FinalData/Images/Wayne Larkins_M_58.jpg,58
FinalData/Images/David Bairstow_M_50.jpg,50
FinalData/Images/Alan Butcher_M_62.jpg,62
FinalData/Images/Graham Stevenson_M_49.jpg,49
FinalData/Images/John Emburey_M_51.jpg,51
FinalData/Images/Graham Dilley_M_49.jpg,49
FinalData/Images/Roland Butcher_M_42.jpg,42
FinalData/Images/Paul Downton_M_61.jpg,61
FinalData/Images/Robin Jackman_M_58.jpg,58
FinalData/Images/Paul Allott_M_62.jpg,62
FinalData/Images/Geoff Cook_M_45.jpg,45
FinalData/Images/Eddie Hemmings_M_56.jpg,56
FinalData/Images/Vic Marks_M_41.jpg,41
FinalData/Images/Nick Cook_M_52.jpg,52
FinalData/Images/Chris Smith_M_50.jpg,50
FinalData/Images/Andy Lloyd_M_40.jpg,40
FinalData/Images/Chris Cowdrey_M_40.jpg,40
FinalData/Images/Arnie Sidebottom_M_50.jpg,50
FinalData/Images/Tim Robinson_M_52.jpg,52
FinalData/Images/Les Taylor_M_48.jpg,48
FinalData/Images/David Smith_M_49.jpg,49
FinalData/Images/Bruce French_M_41.jpg,41
FinalData/Images/Mark Benson_M_59.jpg,59
FinalData/Images/Martyn Moxon_M_50.jpg,50
FinalData/Images/James Whitaker_M_53.jpg,53
FinalData/Images/Neil Fairbrother_M_42.jpg,42
FinalData/Images/Phil DeFreitas_M_44.jpg,44
FinalData/Images/David Capel_M_49.jpg,49
FinalData/Images/Tim Curtis_M_44.jpg,44
FinalData/Images/Robin Smith_M_48.jpg,48
FinalData/Images/Rob Bailey_M_52.jpg,52
FinalData/Images/Matthew Maynard_M_50.jpg,50
FinalData/Images/Kim Barnett_M_49.jpg,49
FinalData/Images/Jack Russell_M_44.jpg,44
FinalData/Images/Angus Fraser_M_52.jpg,52
FinalData/Images/John Stephenson_M_40.jpg,40
FinalData/Images/Alec Stewart_M_44.jpg,44
FinalData/Images/Mike Atherton_M_41.jpg,41
FinalData/Images/Phil Tufnell_M_44.jpg,44
FinalData/Images/Graeme Hick_M_45.jpg,45
FinalData/Images/Hugh Morris_M_54.jpg,54
FinalData/Images/Richard Illingworth_M_49.jpg,49
FinalData/Images/Ian Salisbury_M_45.jpg,45
FinalData/Images/Dermot Reeve_M_43.jpg,43
FinalData/Images/Neil Mallender_M_48.jpg,48
FinalData/Images/Andy Caddick_M_42.jpg,42
FinalData/Images/Peter Such_M_47.jpg,47
FinalData/Images/Martin Bicknell_M_41.jpg,41
FinalData/Images/Peter Martin_M_50.jpg,50
FinalData/Images/Steve Rhodes_M_52.jpg,52
FinalData/Images/Craig White_M_48.jpg,48
FinalData/Images/Jason Gallian_M_45.jpg,45
FinalData/Images/John Crawley_M_47.jpg,47
FinalData/Images/Dominic Cork_M_45.jpg,45
FinalData/Images/Mike Watkinson_M_55.jpg,55
FinalData/Images/Alan Wells_M_57.jpg,57
FinalData/Images/Mark Ealham_M_46.jpg,46
FinalData/Images/Min Patel_M_47.jpg,47
FinalData/Images/Alan Mullally_M_49.jpg,49
FinalData/Images/Mike Smith_M_44.jpg,44
FinalData/Images/Robert Croft_M_46.jpg,46
FinalData/Images/Adam Hollioake_M_40.jpg,40
FinalData/Images/Steve James_M_43.jpg,43
FinalData/Images/Chris Adams_M_46.jpg,46
FinalData/Images/Anthony McGrath_M_43.jpg,43
FinalData/Images/Richard Johnson_M_40.jpg,40
FinalData/Images/Mike Smith_M_48.jpg,48
FinalData/Images/Geoff Humpage_M_44.jpg,44
FinalData/Images/Jim Love_M_63.jpg,63
FinalData/Images/Trevor Jesty_M_57.jpg,57
FinalData/Images/Colin Wells_M_47.jpg,47
FinalData/Images/Ian Gould_M_58.jpg,58
FinalData/Images/Graham Lloyd_M_49.jpg,49
FinalData/Images/Matthew Fleming_M_43.jpg,43
FinalData/Images/Vince Wells_M_53.jpg,53
FinalData/Images/Alex Wharf_M_43.jpg,43
FinalData/Images/Clive Rice_M_58.jpg,58
FinalData/Images/Corrie van Zyl_M_44.jpg,44
FinalData/Images/Eric Simons_M_44.jpg,44
FinalData/Images/Errol Stewart_M_47.jpg,47
FinalData/Images/Mike Rindel_M_54.jpg,54
FinalData/Images/Rusi Modi_M_40.jpg,40
FinalData/Images/Pankaj Roy_M_46.jpg,46
FinalData/Images/Salim Durani_M_64.jpg,64
FinalData/Images/Nawab of Pataudi_M_54.jpg,54
FinalData/Images/Martin Donnelly_M_56.jpg,56
FinalData/Images/Merv Wallace_M_44.jpg,44
FinalData/Images/Walter Hadlee_M_53.jpg,53
FinalData/Images/Bert Sutcliffe_M_44.jpg,44
FinalData/Images/John Reid_M_58.jpg,58
FinalData/Images/Alex Moir_M_67.jpg,67
FinalData/Images/Gary Bartlett_M_43.jpg,43
FinalData/Images/Graham Dowling_M_43.jpg,43
FinalData/Images/Barry Sinclair_M_55.jpg,55
FinalData/Images/Mike Shrimpton_M_59.jpg,59
FinalData/Images/Bob Cunis_M_52.jpg,52
FinalData/Images/Roy Harford_M_56.jpg,56
FinalData/Images/Bryan Andrews_M_49.jpg,49
FinalData/Images/Anwar Hussain_M_41.jpg,41
FinalData/Images/Imtiaz Ahmed_M_45.jpg,45
FinalData/Images/Khan Mohammad_M_45.jpg,45
FinalData/Images/Mahmood Hussain_M_44.jpg,44
FinalData/Images/Miran Bakhsh_M_43.jpg,43
FinalData/Images/Aslam Khokhar_M_44.jpg,44
FinalData/Images/Ijaz Butt_M_68.jpg,68
FinalData/Images/Javed Akhtar_M_47.jpg,47
FinalData/Images/Shafqat Rana_M_64.jpg,64
FinalData/Images/Naushad Ali_M_48.jpg,48
FinalData/Images/Salahuddin_M_59.jpg,59
FinalData/Images/Talat Ali_M_54.jpg,54
FinalData/Images/Farrukh Zaman_M_44.jpg,44
FinalData/Images/Masood Anwar_M_50.jpg,50
FinalData/Images/Ali Naqvi_M_41.jpg,41
FinalData/Images/Shakeel Ahmed_M_42.jpg,42
FinalData/Images/Charles Bannerman_M_47.jpg,47
FinalData/Images/Jack Blackham_M_44.jpg,44
FinalData/Images/Dave Gregory_M_50.jpg,50
FinalData/Images/Tom Kendall_M_50.jpg,50
FinalData/Images/Harry Boyle_M_52.jpg,52
FinalData/Images/George Alexander_M_44.jpg,44
FinalData/Images/George Bonnor_M_45.jpg,45
FinalData/Images/Percy McDonnell_M_50.jpg,50
FinalData/Images/Joey Palmer_M_42.jpg,42
FinalData/Images/Hugh Massie_M_44.jpg,44
FinalData/Images/George Giffen_M_46.jpg,46
FinalData/Images/George Coulthard_M_48.jpg,48
FinalData/Images/Tup Scott_M_44.jpg,44
FinalData/Images/Sam Morris_M_55.jpg,55
FinalData/Images/Harry Musgrove_M_50.jpg,50
FinalData/Images/Charlie Turner_M_44.jpg,44
FinalData/Images/John Lyons_M_45.jpg,45
FinalData/Images/Walter Giffen_M_44.jpg,44
FinalData/Images/Kenny Burn_M_44.jpg,44
FinalData/Images/Harry Trott_M_44.jpg,44
FinalData/Images/Syd Gregory_M_42.jpg,42
FinalData/Images/Hugh Trumble_M_45.jpg,45
FinalData/Images/Frank Iredale_M_54.jpg,54
FinalData/Images/Ernie Jones_M_49.jpg,49
FinalData/Images/John Reedman_M_48.jpg,48
FinalData/Images/Charlie McLeod_M_52.jpg,52
FinalData/Images/Arthur Coningham_M_48.jpg,48
FinalData/Images/Tom McKibbin_M_53.jpg,53
FinalData/Images/Bill Howell_M_50.jpg,50
FinalData/Images/Warwick Armstrong_M_55.jpg,55
FinalData/Images/Jack Saunders_M_41.jpg,41
FinalData/Images/Sammy Carter_M_44.jpg,44
FinalData/Images/Jack O Connor_M_48.jpg,48
FinalData/Images/Warren Bardsley_M_49.jpg,49
FinalData/Images/Charles Kelleway_M_47.jpg,47
FinalData/Images/Jimmy Matthews_M_48.jpg,48
FinalData/Images/Jack Gregory_M_44.jpg,44
FinalData/Images/Herbie Collins_M_67.jpg,67
FinalData/Images/Nip Pellew_M_70.jpg,70
FinalData/Images/Bert Oldfield_M_42.jpg,42
FinalData/Images/Jack Ryder_M_48.jpg,48
FinalData/Images/Ted McDonald_M_43.jpg,43
FinalData/Images/Bill Ponsford_M_44.jpg,44
FinalData/Images/Vic Richardson_M_44.jpg,44
FinalData/Images/Arthur Richardson_M_58.jpg,58
FinalData/Images/Otto Nothling_M_54.jpg,54
FinalData/Images/Don Blackie_M_64.jpg,64
FinalData/Images/Archie Jackson_M_46.jpg,46
FinalData/Images/Alan Fairfax_M_42.jpg,42
FinalData/Images/Alec Hurwood_M_44.jpg,44
FinalData/Images/Perker Lee_M_45.jpg,45
FinalData/Images/Lisle Nagel_M_48.jpg,48
FinalData/Images/Bill OReilly_M_44.jpg,44
FinalData/Images/Leo O Brien_M_48.jpg,48
FinalData/Images/Hammy Love_M_49.jpg,49
FinalData/Images/Harry Alexander_M_41.jpg,41
FinalData/Images/Morris Sievers_M_58.jpg,58
FinalData/Images/Frank Ward_M_68.jpg,68
FinalData/Images/Sid Barnes_M_44.jpg,44
FinalData/Images/Ray Lindwall_M_48.jpg,48
FinalData/Images/Arthur Morris_M_58.jpg,58
FinalData/Images/George Tribe_M_48.jpg,48
FinalData/Images/Ernie Toshack_M_44.jpg,44
FinalData/Images/Bruce Dooland_M_44.jpg,44
FinalData/Images/Doug Ring_M_48.jpg,48
FinalData/Images/Geff Noblet_M_44.jpg,44
FinalData/Images/Jack Moroney_M_50.jpg,50
FinalData/Images/Jack Iverson_M_48.jpg,48
FinalData/Images/Jim Burke_M_47.jpg,47
FinalData/Images/Gil Langley_M_44.jpg,44
FinalData/Images/George Thoms_M_48.jpg,48
FinalData/Images/Jack Hill_M_44.jpg,44
FinalData/Images/Jim de Courcy_M_43.jpg,43
FinalData/Images/Peter Burge_M_66.jpg,66
FinalData/Images/Ken Mackay_M_52.jpg,52
FinalData/Images/Norm ONeill_M_44.jpg,44
FinalData/Images/David Sincock_M_57.jpg,57
FinalData/Images/Grahame Thomas_M_67.jpg,67
FinalData/Images/Paul Hibbert_M_45.jpg,45
FinalData/Images/Jim Higgs_M_54.jpg,54
FinalData/Images/Trevor Hohns_M_51.jpg,51
FinalData/Images/Wayne Phillips_M_48.jpg,48
FinalData/Images/Shaun Young_M_46.jpg,46
FinalData/Images/Peter McIntyre_M_44.jpg,44
FinalData/Images/Colin Miller_M_48.jpg,48
FinalData/Images/Baron Constantine_M_53.jpg,53
FinalData/Images/George Challenor_M_56.jpg,56
FinalData/Images/Herman Griffith_M_47.jpg,47
FinalData/Images/Karl Nunes_M_44.jpg,44
FinalData/Images/Clifford Roach_M_44.jpg,44
FinalData/Images/Vibart Wight_M_40.jpg,40
FinalData/Images/Puss Achong_M_43.jpg,43
FinalData/Images/Foffie Williams_M_43.jpg,43
FinalData/Images/Robert Christiani_M_42.jpg,42
FinalData/Images/Sir Everton Weekes_M_58.jpg,58
FinalData/Images/Esmond Kentish_M_43.jpg,43
FinalData/Images/Gerry Alexander_M_41.jpg,41
FinalData/Images/John Shepherd_M_48.jpg,48
FinalData/Images/Jack Noreiga_M_42.jpg,42
FinalData/Images/Raphick Jumadeen_M_56.jpg,56
FinalData/Images/Rangy Nanan_M_44.jpg,44
FinalData/Images/Clyde Butts_M_55.jpg,55
FinalData/Images/Suruj Ragoonath_M_50.jpg,50
FinalData/Images/Gareth Breese_M_40.jpg,40
FinalData/Images/Peter Ingram_M_40.jpg,40
FinalData/Images/Gerard Brophy_M_41.jpg,41
FinalData/Images/Matt Walker_M_41.jpg,41
FinalData/Images/Callum Thorp_M_42.jpg,42
FinalData/Images/Neil Killeen_M_42.jpg,42
FinalData/Images/James Middlebrook_M_43.jpg,43
FinalData/Images/David Lucas_M_41.jpg,41
FinalData/Images/David Sales_M_42.jpg,42
FinalData/Images/Ant Botha_M_40.jpg,40
FinalData/Images/Alan Richardson_M_42.jpg,42
FinalData/Images/Ben Smith_M_47.jpg,47
FinalData/Images/Gary Keedy_M_40.jpg,40
FinalData/Images/Mark Chilton_M_40.jpg,40
FinalData/Images/Luke Sutton_M_40.jpg,40
FinalData/Images/Rahul Sharma_M_51.jpg,51
FinalData/Images/Nasir Hameed_M_43.jpg,43
FinalData/Images/Ali Asad_M_41.jpg,41
FinalData/Images/Sultan Zarawani_M_57.jpg,57
FinalData/Images/Shahzad Altaf_M_49.jpg,49
FinalData/Images/Saeed-al-Saffar_M_40.jpg,40
FinalData/Images/Saleem Raza_M_44.jpg,44
FinalData/Images/Raqibul Hasan_M_49.jpg,49
FinalData/Images/Clyde Duncan_M_48.jpg,48
FinalData/Images/Gamini Silva_M_57.jpg,57
FinalData/Images/Gary Baxter_M_59.jpg,59
FinalData/Images/Billy Bowden_M_45.jpg,45
FinalData/Images/Bruce Oxenford_M_52.jpg,52
FinalData/Images/Marais Erasmus_M_48.jpg,48
FinalData/Images/Billy Doctrove_M_51.jpg,51
FinalData/Images/Rudi Koertzen_M_68.jpg,68
FinalData/Images/Asad Rauf_M_49.jpg,49
FinalData/Images/Daryl Harper_M_51.jpg,51
FinalData/Images/Steve Davis_M_59.jpg,59
FinalData/Images/Peter Hartley_M_55.jpg,55
FinalData/Images/Sanjay Hazare_M_57.jpg,57
FinalData/Images/Amiesh Saheba_M_47.jpg,47
FinalData/Images/Steve Bucknor_M_50.jpg,50
FinalData/Images/Nadir Shah_M_44.jpg,44
FinalData/Images/Subhash Modi_M_50.jpg,50
FinalData/Images/Brian Jerling_M_57.jpg,57
FinalData/Images/Tony Hill_M_58.jpg,58
FinalData/Images/Niels Bagh_M_49.jpg,49
FinalData/Images/Chris Gaffaney_M_42.jpg,42
FinalData/Images/Karran Bayney_M_50.jpg,50
FinalData/Images/Kevan Barbour_M_58.jpg,58
FinalData/Images/Darrell Hair_M_58.jpg,58
FinalData/Images/Peter Parker_M_49.jpg,49
FinalData/Images/Rockie DMello_M_49.jpg,49
FinalData/Images/Simon Taufel_M_44.jpg,44
FinalData/Images/Ian Howell_M_53.jpg,53
FinalData/Images/Suresh Shastri_M_40.jpg,40
FinalData/Images/John Holder_M_49.jpg,49
FinalData/Images/Allan Jones_M_60.jpg,60
FinalData/Images/Russell Tiffin_M_59.jpg,59
FinalData/Images/Krishna Hariharan_M_63.jpg,63
FinalData/Images/Shahul Hameed_M_46.jpg,46
FinalData/Images/Arani Jayaprakash_M_69.jpg,69
FinalData/Images/Karl Hurter_M_55.jpg,55
FinalData/Images/Jeremy Lloyds_M_63.jpg,63
FinalData/Images/Doug Cowie_M_49.jpg,49
FinalData/Images/Peter Manuel_M_56.jpg,56
FinalData/Images/David Orchard_M_58.jpg,58
FinalData/Images/David Constant_M_63.jpg,63
FinalData/Images/Ian Robinson_M_51.jpg,51
FinalData/Images/Barry Dudleston_M_53.jpg,53
FinalData/Images/Nandasena Pathirana_M_58.jpg,58
FinalData/Images/Lalith Jayasundara_M_56.jpg,56
FinalData/Images/Wilf Diedricks_M_59.jpg,59
FinalData/Images/Bob Parry_M_47.jpg,47
FinalData/Images/Sameer Bandekar_M_45.jpg,45
FinalData/Images/Steve Dunne_M_61.jpg,61
FinalData/Images/K.T.Francis_M_51.jpg,51
FinalData/Images/B.C. Cooray_M_49.jpg,49
FinalData/Images/Saleem Badar_M_43.jpg,43
FinalData/Images/Ray Julian_M_68.jpg,68
FinalData/Images/Mervyn Kitchen_M_65.jpg,65
FinalData/Images/Vinayak Kulkarni_M_57.jpg,57
FinalData/Images/Dave Quested_M_44.jpg,44
FinalData/Images/V.K.Ramaswamy_M_56.jpg,56
FinalData/Images/Francis Gomes_M_54.jpg,54
FinalData/Images/Devinder Sharma_M_50.jpg,50
FinalData/Images/GA Pratapkumar_M_43.jpg,43
FinalData/Images/Clancy Mack_M_54.jpg,54
FinalData/Images/George Sharp_M_69.jpg,69
FinalData/Images/KS Giridharan_M_53.jpg,53
FinalData/Images/Ignatius Anandappa_M_58.jpg,58
FinalData/Images/Sankara Dendapani_M_45.jpg,45
FinalData/Images/Sudhir Asnani_M_57.jpg,57
FinalData/Images/Steve Randell_M_59.jpg,59
FinalData/Images/Roy Palmer_M_65.jpg,65
FinalData/Images/Afzaal Ahmed_M_41.jpg,41
FinalData/Images/Sekhon_M_49.jpg,49
FinalData/Images/Nigel Plews_M_65.jpg,65
FinalData/Images/Dickie Bird_M_58.jpg,58
FinalData/Images/Bill Sheahan_M_58.jpg,58
FinalData/Images/Shakoor Rana_M_56.jpg,56
FinalData/Images/Ric Evans_M_61.jpg,61
FinalData/Images/Piloo Reporter_M_68.jpg,68
FinalData/Images/Dick French_M_64.jpg,64
FinalData/Images/Mel Johnson_M_58.jpg,58
FinalData/Images/Dara Dotiwalla_M_68.jpg,68
FinalData/Images/Bill Alley_M_58.jpg,58
FinalData/Images/David Evans_M_61.jpg,61
FinalData/Images/Stanton Parris_M_67.jpg,67
FinalData/Images/Barrie Leadbeater_M_61.jpg,61
FinalData/Images/Herbi Felsinger_M_61.jpg,61
FinalData/Images/Selliah Ponnadurai_M_61.jpg,61
FinalData/Images/Kevin Carmody_M_52.jpg,52
FinalData/Images/Peter Cronin_M_58.jpg,58
FinalData/Images/Douglas Sang Hue_M_51.jpg,51
FinalData/Images/Frank Chester_M_68.jpg,68
FinalData/Images/Frank Lee_M_44.jpg,44
FinalData/Images/Col Egar_M_50.jpg,50
FinalData/Images/George Allsop_M_56.jpg,56
FinalData/Images/Jim Phillips_M_49.jpg,49
FinalData/Images/Harry Chidgey_M_65.jpg,65
FinalData/Images/Billy Bestwick_M_56.jpg,56
FinalData/Images/Rod Tucker_M_45.jpg,45
FinalData/Images/Tyron Wijewardene_M_41.jpg,41
FinalData/Images/Evan Watkin_M_58.jpg,58
FinalData/Images/Zameer Haider_M_54.jpg,54
FinalData/Images/Shavir Tarapore_M_48.jpg,48
FinalData/Images/Ian Ramage_M_44.jpg,44
FinalData/Images/Isaac Oyieko_M_41.jpg,41
FinalData/Images/Zafar Iqbal_M_44.jpg,44
FinalData/Images/Siddiq Khan_M_45.jpg,45
FinalData/Images/Tom Spencer_M_65.jpg,65
FinalData/Images/Alan Mackley_M_43.jpg,43
FinalData/Images/Bob Thoms_M_57.jpg,57
FinalData/Images/Ranmore Martinesz_M_45.jpg,45
FinalData/Images/Barry Frost_M_54.jpg,54
FinalData/Images/Norm McNamara_M_44.jpg,44
FinalData/Images/Graham Burgess_M_49.jpg,49
FinalData/Images/Lalji Bhudia_M_50.jpg,50
FinalData/Images/Richard Patterson_M_45.jpg,45
FinalData/Images/John Smeaton_M_55.jpg,55
FinalData/Images/Geoff Morrow_M_51.jpg,51
FinalData/Images/Farid Malik_M_46.jpg,46
FinalData/Images/Anil Sarkar_M_50.jpg,50
FinalData/Images/David Jukes_M_52.jpg,52
FinalData/Images/Ahmed Ebrahim_M_51.jpg,51
FinalData/Images/Dev Govindjee_M_70.jpg,70
FinalData/Images/Howard Gardiner_M_44.jpg,44
FinalData/Images/Geoff Joshua_M_46.jpg,46
FinalData/Images/Rohitha Kottahachchi_M_45.jpg,45
FinalData/Images/David Millns_M_52.jpg,52
FinalData/Images/Gamini Dissanayake_M_48.jpg,48
FinalData/Images/SH Sarathkumara_M_58.jpg,58
FinalData/Images/Sena Nandiweera_M_44.jpg,44
FinalData/Images/Grashan Liyanage_M_42.jpg,42
FinalData/Images/Willem Molenaar_M_61.jpg,61
FinalData/Images/Jim McClymont_M_63.jpg,63
FinalData/Images/Mark Hawthorne_M_50.jpg,50
FinalData/Images/Neil Bainton_M_45.jpg,45
FinalData/Images/Steve Garratt_M_58.jpg,58
FinalData/Images/Mick Martell_M_44.jpg,44
FinalData/Images/Kevin Manley_M_49.jpg,49
FinalData/Images/Jeff Evans_M_55.jpg,55
FinalData/Images/Simon Fry_M_40.jpg,40
FinalData/Images/Fidel Jaary_M_52.jpg,52
FinalData/Images/Tariq Butt_M_51.jpg,51
FinalData/Images/John Ward_M_43.jpg,43
FinalData/Images/Ian Lock_M_48.jpg,48
FinalData/Images/Jagath Nandakumar_M_47.jpg,47
FinalData/Images/Ishantha Deepal Gunawardene_M_48.jpg,48
FinalData/Images/Charlie McElwee_M_69.jpg,69
FinalData/Images/Robert Anderson_M_58.jpg,58
FinalData/Images/Nigel Cowley_M_66.jpg,66
FinalData/Images/Jeff Brookes_M_43.jpg,43
FinalData/Images/Jeremy Busby_M_44.jpg,44
FinalData/Images/Glenn Holdem_M_50.jpg,50
FinalData/Images/Martin Bodenham_M_58.jpg,58
FinalData/Images/Keith Coburn_M_50.jpg,50
FinalData/Images/Bruce Bennett_M_56.jpg,56
FinalData/Images/Norton Fredrick_M_64.jpg,64
FinalData/Images/Andy Hicks_M_42.jpg,42
FinalData/Images/Steve Malone_M_55.jpg,55
FinalData/Images/Stephen Gale_M_58.jpg,58
FinalData/Images/Steve OShaughnessy_M_45.jpg,45
FinalData/Images/Allan Eastwood_M_40.jpg,40
FinalData/Images/Bevan Griggs_M_40.jpg,40
FinalData/Images/Mark Cleary_M_40.jpg,40
FinalData/Images/Joel Wilson_M_44.jpg,44
FinalData/Images/Darren Stevens_M_42.jpg,42
FinalData/Images/Peter Moores_M_42.jpg,42
FinalData/Images/Zahid Hussain_M_41.jpg,41
FinalData/Images/Aizaz Cheema_M_40.jpg,40
FinalData/Images/Mark Eggleston_M_51.jpg,51
FinalData/Images/Bart Hartong_M_43.jpg,43
FinalData/Images/Mithali Raj_F_29.jpg,29
FinalData/Images/Jhulan Goswami_F_33.jpg,33
FinalData/Images/Harmanpreet Kaur_F_20.jpg,20
FinalData/Images/Ekta Bisht_F_29.jpg,29
FinalData/Images/Mona Meshram_F_27.jpg,27
FinalData/Images/Merissa Aguilleira_F_31.jpg,31
FinalData/Images/Punam Raut_F_22.jpg,22
FinalData/Images/Deandra Dottin_F_24.jpg,24
FinalData/Images/Anisa Mohammed_F_30.jpg,30
FinalData/Images/Kyshona Knight_F_26.jpg,26
FinalData/Images/Stafanie Taylor_F_27.jpg,27
FinalData/Images/Shanel Daley_F_21.jpg,21
FinalData/Images/Shakera Selman_F_29.jpg,29
FinalData/Images/Rachael Haynes_F_32.jpg,32
FinalData/Images/Julie Hunter_F_34.jpg,34
FinalData/Images/Erin Osborne_F_31.jpg,31
FinalData/Images/Megan Schutt_F_25.jpg,25
FinalData/Images/Elyse Villani_F_28.jpg,28
FinalData/Images/Alyssa Healy_F_30.jpg,30
FinalData/Images/Alex Blackwell_F_35.jpg,35
FinalData/Images/Holly Ferling_F_22.jpg,22
FinalData/Images/Meg Lanning_F_26.jpg,26
FinalData/Images/Ellyse Perry_F_25.jpg,25
FinalData/Images/Sana Mir_F_30.jpg,30
FinalData/Images/Javeria Khan_F_29.jpg,29
FinalData/Images/Nain Abidi_F_32.jpg,32
FinalData/Images/Bismah Maroof_F_26.jpg,26
FinalData/Images/Sadia Yousuf_F_29.jpg,29
FinalData/Images/Asmavia Iqbal_F_30.jpg,30
FinalData/Images/Diana Baig_F_25.jpg,25
FinalData/Images/Nahida Khan_F_32.jpg,32
FinalData/Images/Nida Dar_F_31.jpg,31
FinalData/Images/Danielle Hazell_F_29.jpg,29
FinalData/Images/Anya Shrubsole_F_26.jpg,26
FinalData/Images/Heather Knight_F_27.jpg,27
FinalData/Images/Tammy Beaumont_F_27.jpg,27
FinalData/Images/Danielle Wyatt_F_28.jpg,28
FinalData/Images/Amy Ellen Jones_F_23.jpg,23
FinalData/Images/Jenny Gunn_F_32.jpg,32
FinalData/Images/Sarah Taylor_F_31.jpg,31
FinalData/Images/Katherine Brunt_F_30.jpg,30
FinalData/Images/Georgia Elwiss_F_28.jpg,28
FinalData/Images/Chamari Athapaththu_F_29.jpg,29
FinalData/Images/Laura Marsh_F_31.jpg,31
FinalData/Images/Shashikala Siriwardene_F_32.jpg,32
FinalData/Images/Udeshika Prabodhani_F_31.jpg,31
FinalData/Images/Sripali Weerakkody_F_32.jpg,32
FinalData/Images/Inoka Ranaweera_F_30.jpg,30
FinalData/Images/Dilani Manodara_F_33.jpg,33
FinalData/Images/Oshadi Ranasinghe_F_30.jpg,30
FinalData/Images/Prasadani Weerakkody_F_31.jpg,31
FinalData/Images/Suzie Bates_F_33.jpg,33
FinalData/Images/Sophie Devine_F_29.jpg,29
FinalData/Images/Katie Perkins_F_30.jpg,30
FinalData/Images/Lea Tahuhu_F_28.jpg,28
FinalData/Images/Kate Broadmore_F_27.jpg,27
FinalData/Images/Amy Satterthwaite_F_25.jpg,25
FinalData/Images/Rachel Priest_F_32.jpg,32
FinalData/Images/Mignon du Preez_F_29.jpg,29
FinalData/Images/Dane van Niekerk_F_26.jpg,26
FinalData/Images/Marizanne Kapp_F_28.jpg,28
FinalData/Images/Shabnim Ismail_F_31.jpg,31
FinalData/Images/Trisha Chetty_F_30.jpg,30
FinalData/Images/Chloe Tryon_F_26.jpg,26
FinalData/Images/Marcia Letsoalo_F_33.jpg,33
FinalData/Images/Sune Luus_F_23.jpg,23
FinalData/Images/Iram Javed_F_28.jpg,28
FinalData/Images/Natalie Sciver_F_26.jpg,26
FinalData/Images/Marina Iqbal_F_32.jpg,32
FinalData/Images/Natasha Farrant_F_22.jpg,22
FinalData/Images/Lauren Winfield_F_30.jpg,30
FinalData/Images/Beth Langston_F_26.jpg,26
FinalData/Images/Isobel Joyce_F_35.jpg,35
FinalData/Images/Kim Garth_F_22.jpg,22
FinalData/Images/Gemma Triscari_F_28.jpg,28
FinalData/Images/Jess Jonassen_F_28.jpg,28
FinalData/Images/Moseline Daniels_F_28.jpg,28
FinalData/Images/Lizelle Lee_F_26.jpg,26
FinalData/Images/Chandima Gunaratne_F_27.jpg,27
FinalData/Images/Nicole Bolton_F_31.jpg,31
FinalData/Images/Rene Farrell_F_29.jpg,29
FinalData/Images/Kate Cross_F_25.jpg,25
FinalData/Images/Delissa Kimmince_F_30.jpg,30
FinalData/Images/Beth Mooney_F_24.jpg,24
FinalData/Images/Holly Huddleston_F_32.jpg,32
FinalData/Images/Maddy Green_F_26.jpg,26
FinalData/Images/Hayley Jensen_F_26.jpg,26
FinalData/Images/Katey Martin_F_31.jpg,31
FinalData/Images/Anam Amin_F_28.jpg,28
FinalData/Images/Smriti Mandhana_F_24.jpg,24
FinalData/Images/Hasini Perera_F_23.jpg,23
FinalData/Images/Poonam Yadav_F_27.jpg,27
FinalData/Images/Shikha Pandey_F_29.jpg,29
FinalData/Images/Rajeshwari Gayakwad_F_27.jpg,27
FinalData/Images/Sushma Verma_F_26.jpg,26
FinalData/Images/Anuja Patil_F_26.jpg,26
FinalData/Images/Veda Krishnamurthy_F_26.jpg,26
FinalData/Images/Deepti Sharma_F_21.jpg,21
FinalData/Images/Shamilia Connell_F_27.jpg,27
FinalData/Images/Afy Fletcher_F_32.jpg,32
FinalData/Images/Hayley Matthews_F_20.jpg,20
FinalData/Images/Kristen Beams_F_32.jpg,32
FinalData/Images/Masabata Klaas_F_28.jpg,28
FinalData/Images/Ama Kanchana_F_27.jpg,27
FinalData/Images/Eshani Lokusuriyage_F_34.jpg,34
FinalData/Images/Leigh Kasperek_F_26.jpg,26
FinalData/Images/Hannah Rowe_F_24.jpg,24
FinalData/Images/Chedean Nation_F_30.jpg,30
FinalData/Images/Anna Peterson_F_29.jpg,29
FinalData/Images/Nahida Akter_F_18.jpg,18
FinalData/Images/Rumana Ahmed_F_28.jpg,28
FinalData/Images/Salma Khatun_F_28.jpg,28
FinalData/Images/Sidra Nawaz_F_23.jpg,23
FinalData/Images/Nicola Carey_F_25.jpg,25
FinalData/Images/ Alex Hartley_F_27.jpg,27
FinalData/Images/Sophie Ecclestone_F_19.jpg,19
FinalData/Images/Amelia Kerr_F_20.jpg,20
FinalData/Images/Ayesha Zafar_F_25.jpg,25
FinalData/Images/Nuzhat Parween_F_22.jpg,22
FinalData/Images/Mansi Joshi_F_27.jpg,27
FinalData/Images/Tahlia McGrath_F_24.jpg,24
FinalData/Images/Sarah Aley_F_34.jpg,34
FinalData/Images/Ashleigh Gardner_F_21.jpg,21
FinalData/Images/Emma Inglis_F_30.jpg,30
FinalData/Images/Anna Lanning_F_24.jpg,24
FinalData/Images/Sophie Molineux_F_20.jpg,20
FinalData/Images/Georgia Wareham_F_21.jpg,21
FinalData/Images/Tegan McPharlin_F_31.jpg,31
FinalData/Images/Katie-Jane Hartshorn_F_24.jpg,24
FinalData/Images/Chloe Piparo_F_24.jpg,24
FinalData/Images/Emma King_F_26.jpg,26
FinalData/Images/Samantha Betts_F_22.jpg,22
FinalData/Images/Bridget Patterson_F_24.jpg,24
FinalData/Images/Alex Price_F_23.jpg,23
FinalData/Images/Jemma Barsby_F_23.jpg,23
FinalData/Images/Courtney Hill_F_30.jpg,30
FinalData/Images/Kara Sutherland_F_27.jpg,27
FinalData/Images/Kirby Short_F_32.jpg,32
FinalData/Images/Erin Burns_F_31.jpg,31
FinalData/Images/Sammy-Jo Johnson_F_28.jpg,28
FinalData/Images/Katelyn Fryett_F_26.jpg,26
FinalData/Images/Haidee Birkett_F_22.jpg,22
FinalData/Images/Corinne Hall_F_31.jpg,31
FinalData/Images/Stefanie Daffara_F_24.jpg,24
FinalData/Images/Brooke Hepburn_F_30.jpg,30
FinalData/Images/Claire Koski_F_27.jpg,27
FinalData/Images/Maitlan Brown_F_22.jpg,22
FinalData/Images/Georgia Redmayne_F_24.jpg,24
FinalData/Images/Molly Strano_F_27.jpg,27
FinalData/Images/Samantha Bates_F_28.jpg,28
FinalData/Images/Tabatha Saville_F_27.jpg,27
FinalData/Images/Ghulam Fatima_F_25.jpg,25
FinalData/Images/Nashra Sandhu_F_22.jpg,22
FinalData/Images/Kainat Imtiaz_F_26.jpg,26
FinalData/Images/Waheeda Akhtar_F_25.jpg,25
FinalData/Images/Raisibe Ntozakhe_F_21.jpg,21
FinalData/Images/Nadine de Klerk_F_18.jpg,18
FinalData/Images/Felicia Walters_F_28.jpg,28
FinalData/Images/Qiana Joseph_F_17.jpg,17
FinalData/Images/Reniece Boyce_F_21.jpg,21
FinalData/Images/Akeira Peters_F_27.jpg,27
FinalData/Images/Bryony Smith_F_20.jpg,20
FinalData/Images/Alice Davidson Richards_F_24.jpg,24
FinalData/Images/Mohammad Boota_M_45.jpg,45
FinalData/Images/Chloe Rafferty_F_32.jpg,32
FinalData/Images/Erin Fazackerley_F_20.jpg,20
FinalData/Images/Clara Iemma_F_27.jpg,27
FinalData/Images/Nicola Hancock_F_24.jpg,24
FinalData/Images/Annie O Neil_F_33.jpg,33
FinalData/Images/Tayla Vlaeminck_F_20.jpg,20
FinalData/Images/Rhiann O Donnell_F_20.jpg,20
FinalData/Images/Hannah Darlington_F_31.jpg,31
FinalData/Images/Jemimah Rodrigues_F_20.jpg,20
FinalData/Images/mary-waldron_F_27.jpg,27
FinalData/Images/elyse-villani_F_28.jpg,28
FinalData/Images/sushma-verma_F_27.jpg,27
FinalData/Images/tayla-vlaeminck_F_20.jpg,20
FinalData/Images/pooja-vastrakar_F_20.jpg,20
FinalData/Images/vr-vanitha_F_30.jpg,30
FinalData/Images/dane-van-niekerk_F_27.jpg,27
FinalData/Images/georgia-wareham_F_20.jpg,20
FinalData/Images/belinda-vakarewa_F_20.jpg,20
FinalData/Images/chloe-tryon_F_25.jpg,25
FinalData/Images/gemma-triscari_F_28.jpg,28
FinalData/Images/rebeca-vandort_F_24.jpg,24
FinalData/Images/md-thirushkamini_F_30.jpg,30
FinalData/Images/sarah-taylor_F_28.jpg,28
FinalData/Images/hannah-trethewy_F_23.jpg,23
FinalData/Images/emma-thompson_F_27.jpg,27
FinalData/Images/rachel-trenaman_F_17.jpg,17
FinalData/Images/jenny-taffs_F_23.jpg,23
FinalData/Images/stafanie-taylor_F_27.jpg,27
FinalData/Images/shamima-sultana_F_24.jpg,24
FinalData/Images/molly-strano_F_26.jpg,26
FinalData/Images/rebecca-stokell_F_20.jpg,20
FinalData/Images/nigar-sultana_F_21.jpg,21
FinalData/Images/sharmin-akter-supta_F_22.jpg,22
FinalData/Images/andrie-steyn_F_22.jpg,22
FinalData/Images/omaima-sohail_F_21.jpg,21
FinalData/Images/linsey-smith_F_23.jpg,23
FinalData/Images/emily-smith_F_23.jpg,23
FinalData/Images/naomi-stalenberg_F_23.jpg,23
FinalData/Images/shashikala-siriwardena_F_33.jpg,33
FinalData/Images/lauren-smith_F_22.jpg,22
FinalData/Images/anya-shrubsole_F_21.jpg,21
FinalData/Images/sneh-rana_F_33.jpg,33
FinalData/Images/kara-sutherland_F_25.jpg,25
FinalData/Images/kirby-short_F_30.jpg,30
FinalData/Images/clare-shillington_F_27.jpg,27
FinalData/Images/annabel-sutherland_F_17.jpg,17
FinalData/Images/deepti-sharma_F_21.jpg,21
FinalData/Images/natalie-sciver_F_22.jpg,22
FinalData/Images/tumi-sekhukhune_F_20.jpg,20
FinalData/Images/robyn-searle_F_21.jpg,21
FinalData/Images/tabatha-saville_F_20.jpg,20
FinalData/Images/megan-schutt_F_25.jpg,25
FinalData/Images/hannah-rowe_F_21.jpg,21
FinalData/Images/jemimah-rodrigues_F_18.jpg,18
FinalData/Images/nashra-sandhu_F_20.jpg,20
FinalData/Images/eimear-richardson_F_32.jpg,32
FinalData/Images/amy-satterthwaite_F_29.jpg,29
FinalData/Images/georgia-redmayne_F_24.jpg,24
FinalData/Images/arundhati-reddy_F_21.jpg,21
FinalData/Images/aliya-riaz_F_24.jpg,24
FinalData/Images/oshadi-ranasinghe_F_20.jpg,20
FinalData/Images/angela-reakes_F_27.jpg,27
FinalData/Images/ayasha-rahman_F_26.jpg,26
FinalData/Images/celeste-raack_F_24.jpg,24
FinalData/Images/inoka-ranaweera_F_32.jpg,32
FinalData/Images/mithali-raj_F_35.jpg,35
FinalData/Images/shakera-selman_F_22.jpg,22
FinalData/Images/udeshika-prabodani_F_33.jpg,33
FinalData/Images/alex-price_F_23.jpg,23
FinalData/Images/inoshi-priyadarshani_F_31.jpg,31
FinalData/Images/natalie-plane_F_22.jpg,22
FinalData/Images/georgia-prestwidge_F_20.jpg,20
FinalData/Images/meg-phillips_F_24.jpg,24
FinalData/Images/chloe-piparo_F_23.jpg,23
FinalData/Images/shaquana-quintyne_F_22.jpg,22
FinalData/Images/anna-peterson_F_28.jpg,28
FinalData/Images/akeira-peters_F_18.jpg,18
FinalData/Images/taneale-peschel_F_26.jpg,26
FinalData/Images/natalia-parvaiz_F_24.jpg,24
FinalData/Images/shaila-sharmin_F_20.jpg,20
FinalData/Images/brittany-perry_F_25.jpg,25
FinalData/Images/elizabeth-perry_F_29.jpg,29
FinalData/Images/hasini-perera_F_23.jpg,23
FinalData/Images/katie-perkins_F_21.jpg,21
FinalData/Images/shikha-pandey_F_31.jpg,31
FinalData/Images/hannah-perry_F_29.jpg,29
FinalData/Images/lucy-oreilly_F_21.jpg,21
FinalData/Images/bridget-patterson_F_24.jpg,24
FinalData/Images/katelyn-pope_F_22.jpg,22
FinalData/Images/annie-oneil_F_21.jpg,21
FinalData/Images/rhiann-odonnell_F_33.jpg,33
FinalData/Images/ellyse-perry_F_25.jpg,25
FinalData/Images/erin-osborne_F_29.jpg,29
FinalData/Images/raisibe-ntozakhe_F_21.jpg,21
FinalData/Images/shelley-nitschke_F_32.jpg,32
FinalData/Images/morna-nielsen_F_28.jpg,28
FinalData/Images/thamsyn-newton_F_25.jpg,25
FinalData/Images/nuzhat-parween_F_22.jpg,22
FinalData/Images/niranjana-nagarajan_F_20.jpg,20
FinalData/Images/beth-mooney_F_24.jpg,24
FinalData/Images/ritu-moni_F_25.jpg,25
FinalData/Images/lata-mondal_F_23.jpg,23
FinalData/Images/anisa-mohammed_F_30.jpg,30
FinalData/Images/sana-mir_F_24.jpg,24
FinalData/Images/sophie-molineux_F_23.jpg,23
FinalData/Images/mona-meshram_F_27.jpg,27
FinalData/Images/yashoda-mendis_F_32.jpg,32
FinalData/Images/sidra-nawaz_F_23.jpg,23
FinalData/Images/natasha-mclean_F_23.jpg,23
FinalData/Images/kate-mckenna_F_28.jpg,28
FinalData/Images/kelsie-minty_F_28.jpg,28
FinalData/Images/chedean-nation_F_22.jpg,22
FinalData/Images/tahlia-mcgrath_F_22.jpg,22
FinalData/Images/sasha-moloney_F_24.jpg,24
FinalData/Images/katey-martin_F_24.jpg,24
FinalData/Images/lara-maritz_F_19.jpg,19
FinalData/Images/bismah-maroof_F_24.jpg,24
FinalData/Images/zintle-mali_F_24.jpg,24
FinalData/Images/harshitha-madavi_F_24.jpg,24
FinalData/Images/hayley-matthews_F_20.jpg,20
FinalData/Images/katie-mack_F_22.jpg,22
FinalData/Images/sarah-lowe_F_26.jpg,26
FinalData/Images/sune-luus_F_24.jpg,24
FinalData/Images/tegan-mcpharlin_F_23.jpg,23
FinalData/Images/tremayne-smartt_F_33.jpg,33
FinalData/Images/gaby-lewis_F_18.jpg,18
FinalData/Images/robyn-lewis_F_21.jpg,21
FinalData/Images/matshipi-marcia-letsoalo_F_34.jpg,34
FinalData/Images/smriti-mandhana_F_22.jpg,22
FinalData/Images/laura-marsh_F_30.jpg,30
FinalData/Images/felicity-leydon-davis_F_24.jpg,24
FinalData/Images/anna-lanning_F_24.jpg,24
FinalData/Images/beth-langston_F_26.jpg,26
FinalData/Images/lizelle-lee_F_26.jpg,26
FinalData/Images/eshani-lokusuriya_F_34.jpg,34
FinalData/Images/emily-leys_F_25.jpg,25
FinalData/Images/kirsty-lamb_F_24.jpg,24
FinalData/Images/sugandika-kumari_F_28.jpg,28
FinalData/Images/claire-koski_F_29.jpg,29
FinalData/Images/kycia-knight_F_26.jpg,26
FinalData/Images/meg-lanning_F_26.jpg,26
FinalData/Images/masabatha-klass_F_28.jpg,28
FinalData/Images/odine-kirsten_F_26.jpg,26
FinalData/Images/alana-king_F_23.jpg,23
FinalData/Images/carly-leeson_F_18.jpg,18
FinalData/Images/heather-knight_F_27.jpg,27
FinalData/Images/khadija-tul-kubra_F_23.jpg,23
FinalData/Images/asmavia-iqbal-khokhar_F_30.jpg,30
FinalData/Images/delissa-kimmince_F_31.jpg,31
FinalData/Images/veda-krishnamurthy_F_24.jpg,24
FinalData/Images/fahima-khatun_F_18.jpg,18
FinalData/Images/nahida-khan_F_31.jpg,31
FinalData/Images/ashlee-king_F_24.jpg,24
FinalData/Images/javeria-khan_F_30.jpg,30
FinalData/Images/erica-kershaw_F_24.jpg,24
FinalData/Images/salma-khatun_F_28.jpg,28
FinalData/Images/emma-king_F_27.jpg,27
FinalData/Images/harmanpreet-kaur_F_22.jpg,22
FinalData/Images/shauna-kavanagh_F_25.jpg,25
FinalData/Images/kyshona-knight_F_26.jpg,26
FinalData/Images/emma-kearney_F_31.jpg,31
FinalData/Images/amelia-kerr_F_18.jpg,18
FinalData/Images/amy-kenealy_F_27.jpg,27
FinalData/Images/stacy-ann-king_F_22.jpg,22
FinalData/Images/ayabonga-khaka_F_26.jpg,26
FinalData/Images/isobel-joyce_F_30.jpg,30
FinalData/Images/marizanne-kapp_F_28.jpg,28
FinalData/Images/qiana-joseph_F_26.jpg,26
FinalData/Images/ama-kanchana_F_26.jpg,26
FinalData/Images/mansi-joshi_F_25.jpg,25
FinalData/Images/jess-jonassen_F_25.jpg,25
FinalData/Images/sammy-jo-johnson_F_26.jpg,26
FinalData/Images/iram-javed_F_16.jpg,16
FinalData/Images/hansima-karunaratne_F_25.jpg,25
FinalData/Images/amy-jones_F_25.jpg,25
FinalData/Images/shabnim-ismail_F_30.jpg,30
FinalData/Images/sanjida-islam_F_22.jpg,22
FinalData/Images/hayley-jensen_F_26.jpg,26
FinalData/Images/renee-irvine_F_24.jpg,24
FinalData/Images/marina-iqbal_F_31.jpg,31
FinalData/Images/julie-hunter_F_20.jpg,20
FinalData/Images/cecelia-joyce_F_34.jpg,34
FinalData/Images/isobel-joyce_F_32.jpg,32
FinalData/Images/holly-huddleston_F_31.jpg,31
FinalData/Images/sarah-hungerford_F_21.jpg,21
FinalData/Images/haylee-hoffmeister_F_20.jpg,20
FinalData/Images/mikayla-hinkley_F_22.jpg,22
FinalData/Images/kainat-imtiaz_F_28.jpg,28
FinalData/Images/clara-iemma_F_24.jpg,24
FinalData/Images/brooke-hepburn_F_28.jpg,28
FinalData/Images/leigh-kasperek_F_26.jpg,26
FinalData/Images/dayalan-hemalatha_F_16.jpg,16
FinalData/Images/chinelle-henry_F_23.jpg,23
FinalData/Images/jodie-hicks_F_21.jpg,21
FinalData/Images/danielle-hazell_F_24.jpg,24
FinalData/Images/courtney-hill_F_29.jpg,29
FinalData/Images/saskia-horley_F_18.jpg,18
FinalData/Images/alex-hartley_F_25.jpg,25
FinalData/Images/katie-hartshorn_F_25.jpg,25
FinalData/Images/laura-harris_F_28.jpg,28
FinalData/Images/rachael-haynes_F_22.jpg,22
FinalData/Images/kath-hempenstall_F_18.jpg,18
FinalData/Images/grace-harris_F_25.jpg,25
FinalData/Images/nicola-hancock_F_22.jpg,22
FinalData/Images/corinne-hall_F_31.jpg,31
FinalData/Images/jenny-gunn_F_26.jpg,26
FinalData/Images/emma-inglis_F_32.jpg,32
FinalData/Images/alyssa-healy_F_29.jpg,29
FinalData/Images/nipuni-hansika_F_24.jpg,24
FinalData/Images/brooke-harris_F_21.jpg,21
FinalData/Images/farzana-haque_F_25.jpg,25
FinalData/Images/maddy-green_F_25.jpg,25
FinalData/Images/lisa-griffith_F_27.jpg,27
FinalData/Images/jennifer-gray_F_26.jpg,26
FinalData/Images/nicole-goodwin_F_16.jpg,16
FinalData/Images/rebecca-grundy_F_16.jpg,16
FinalData/Images/jhulan-goswamy_F_33.jpg,33
FinalData/Images/rajeshwari-gayakwad_F_27.jpg,27
FinalData/Images/maisy-gibson_F_18.jpg,18
FinalData/Images/lydia-greenway_F_31.jpg,31
FinalData/Images/katelyn-fryett_F_27.jpg,27
FinalData/Images/ashleigh-gardner_F_21.jpg,21
FinalData/Images/kim-garth_F_21.jpg,21
FinalData/Images/panna-ghosh_F_29.jpg,29
FinalData/Images/heather-graham_F_23.jpg,23
FinalData/Images/jodie-fields_F_32.jpg,32
FinalData/Images/kirstie-gordon_F_23.jpg,23
FinalData/Images/afy-fletcher_F_31.jpg,31
FinalData/Images/tash-farrant_F_22.jpg,22
FinalData/Images/holly-ferling_F_24.jpg,24
FinalData/Images/erin-fazackerley_F_20.jpg,20
FinalData/Images/nicole-faltum_F_21.jpg,21
FinalData/Images/ellen-falconer_F_21.jpg,21
FinalData/Images/rene-farrell_F_31.jpg,31
FinalData/Images/ghulam-fatima_F_24.jpg,24
FinalData/Images/georgia-elwiss_F_26.jpg,26
FinalData/Images/yolani-fourie_F_31.jpg,31
FinalData/Images/lauren-ebsary_F_35.jpg,35
FinalData/Images/deandra-dottin_F_24.jpg,24
FinalData/Images/amy-edgar_F_19.jpg,19
FinalData/Images/jess-cameron_F_30.jpg,30
FinalData/Images/jordan-doecke_F_24.jpg,24
FinalData/Images/sophia-dunkley_F_20.jpg,20
FinalData/Images/kate-ebrahim_F_27.jpg,27
FinalData/Images/sophie-ecclestone_F_20.jpg,20
FinalData/Images/emily-divin_F_34.jpg,34
FinalData/Images/josie-dooley_F_33.jpg,33
FinalData/Images/rhiannon-dick_F_21.jpg,21
FinalData/Images/bhavisha-devchand_F_25.jpg,25
FinalData/Images/laura-delany_F_26.jpg,26
FinalData/Images/dinesha-devnarain_F_30.jpg,30
FinalData/Images/kavisha-dilhari_F_17.jpg,17
FinalData/Images/eliza-doddridge_F_18.jpg,18
FinalData/Images/nida-rashid_F_30.jpg,30
FinalData/Images/shanel-daley_F_29.jpg,29
FinalData/Images/stefanie-daffara_F_24.jpg,24
FinalData/Images/linsey-da-costa_F_21.jpg,21
FinalData/Images/sophie-devine_F_29.jpg,29
FinalData/Images/kate-cross_F_24.jpg,24
FinalData/Images/hannah-darlington_F_26.jpg,26
FinalData/Images/shae-daly_F_27.jpg,27
FinalData/Images/moseline-daniels_F_18.jpg,18
FinalData/Images/tess-cooper_F_27.jpg,27
FinalData/Images/britney-cooper_F_29.jpg,29
FinalData/Images/piepa-cleary_F_24.jpg,24
FinalData/Images/lauren-cheatle_F_20.jpg,20
FinalData/Images/sheldyn-cooper_F_18.jpg,18
FinalData/Images/trisha-chetty_F_32.jpg,32
FinalData/Images/nicola-carey_F_23.jpg,23
FinalData/Images/mathilda-carmichael_F_24.jpg,24
FinalData/Images/catherine-dalton_F_28.jpg,28
FinalData/Images/erin-burns_F_31.jpg,31
FinalData/Images/katherine-brunt_F_31.jpg,31
FinalData/Images/maitlan-brown_F_20.jpg,20
FinalData/Images/shamilia-connell_F_25.jpg,25
FinalData/Images/shemaine-campbelle_F_23.jpg,23
FinalData/Images/sarah-coyte_F_27.jpg,27
FinalData/Images/reniece-boyce_F_22.jpg,22
FinalData/Images/taylah-brotherston_F_27.jpg,27
FinalData/Images/makinley-blows_F_22.jpg,22
FinalData/Images/emma-biss_F_27.jpg,27
FinalData/Images/melissa-cameron_F_22.jpg,22
FinalData/Images/ekta-bisht_F_29.jpg,29
FinalData/Images/nicole-bolton_F_29.jpg,29
FinalData/Images/nilakshi-de-silva_F_23.jpg,23
FinalData/Images/hayleigh-brennan_F_19.jpg,19
FinalData/Images/bernadine-bezuidenhout_F_24.jpg,24
FinalData/Images/taniya-bhatia_F_20.jpg,20
FinalData/Images/cassie-brock_F_27.jpg,27
FinalData/Images/erin-bermingham_F_31.jpg,31
FinalData/Images/briana-binch_F_28.jpg,28
FinalData/Images/sam-bates_F_32.jpg,32
FinalData/Images/suzie-bates_F_31.jpg,31
FinalData/Images/ash-barty_F_22.jpg,22
FinalData/Images/jemma-barsby_F_23.jpg,23
FinalData/Images/lily-bardsley_F_19.jpg,19
FinalData/Images/megan-banting_F_22.jpg,22
FinalData/Images/diana-baig_F_22.jpg,22
FinalData/Images/alex-blackwell_F_33.jpg,33
FinalData/Images/haidee-birkett_F_22.jpg,22
FinalData/Images/kristen-beams_F_32.jpg,32
FinalData/Images/anam-amin_F_18.jpg,18
FinalData/Images/kelly-applebee_F_29.jpg,29
FinalData/Images/anuja-patil_F_26.jpg,26
FinalData/Images/rahat-ali_F_32.jpg,32
FinalData/Images/samantha-betts_F_22.jpg,22
FinalData/Images/sidra-amin_F_26.jpg,26
FinalData/Images/waheeda-akhtar_F_23.jpg,23
FinalData/Images/nahida-akter_F_18.jpg,18
FinalData/Images/sarah-aley_F_33.jpg,33
FinalData/Images/aiman-anwer_F_18.jpg,18
FinalData/Images/nain-abidi_F_27.jpg,27
FinalData/Images/chamari-athapaththu_F_26.jpg,26
FinalData/Images/rumana-ahmed_F_27.jpg,27
FinalData/Images/merissa-aguilleira_F_30.jpg,30
FinalData/Images/jahanara-alam_F_24.jpg,24
FinalData/Images/muneeba-ali-siddiqui_F_21.jpg,21
FinalData/Images/tammy-beaumont_F_19.jpg,19
FinalData/Images/felicia-walters_F_26.jpg,26
FinalData/Images/chris-rogers_M_43.jpg,43
FinalData/Images/michael-klinger_M_40.jpg,40
FinalData/Images/younis-khan_M_41.jpg,41
FinalData/Images/jacques-kallis_M_44.jpg,44
FinalData/Images/david-hussey_M_40.jpg,40
FinalData/Images/brad-hodge_M_43.jpg,43
FinalData/Images/brad-hogg_M_45.jpg,45
FinalData/Images/brad-haddin_M_41.jpg,41
FinalData/Images/willie-gavera_M_44.jpg,44
FinalData/Images/tillakaratne-dilshan_M_41.jpg,41
