,name,gender
0,FinalData/Images/VVS Laxman_M_42.jpg,1
1,FinalData/Images/Shoaib Akhtar_M_40.jpg,1
2,FinalData/Images/Adam Gilchrist_M_44.jpg,1
3,FinalData/Images/Andrew Symonds_M_43.jpg,1
4,FinalData/Images/Jason Gillespie_M_40.jpg,1
5,FinalData/Images/Marcus Trescothick_M_42.jpg,1
6,FinalData/Images/Nathan Astle_M_47.jpg,1
7,FinalData/Images/Chris Cairns_M_42.jpg,1
8,FinalData/Images/Scott Styris_M_43.jpg,1
9,FinalData/Images/Craig McMillan_M_43.jpg,1
10,FinalData/Images/Paul Collingwood_M_42.jpg,1
11,FinalData/Images/Arshad Ali_M_43.jpg,1
12,FinalData/Images/Anil Kumble_M_45.jpg,1
13,FinalData/Images/Muttiah Muralitharan_M_45.jpg,1
14,FinalData/Images/Habibul Bashar_M_45.jpg,1
15,FinalData/Images/Mohammad Rafique_M_45.jpg,1
16,FinalData/Images/Younis Khan_M_42.jpg,1
17,FinalData/Images/Shane Warne_M_43.jpg,1
18,FinalData/Images/Matthew Hayden_M_44.jpg,1
19,FinalData/Images/Michael Vaughan_M_44.jpg,1
20,FinalData/Images/Vikram Solanki_M_40.jpg,1
21,FinalData/Images/Ashley Giles_M_45.jpg,1
22,FinalData/Images/Daryl Tuffey_M_40.jpg,1
23,FinalData/Images/Mark Boucher_M_41.jpg,1
24,FinalData/Images/Shaun Pollock_M_45.jpg,1
25,FinalData/Images/Andre Nel_M_42.jpg,1
26,FinalData/Images/Misbah-ul-Haq_M_43.jpg,1
27,FinalData/Images/Rangana Herath_M_41.jpg,1
28,FinalData/Images/Justin Langer_M_46.jpg,1
29,FinalData/Images/Brad Hodge_M_44.jpg,1
30,FinalData/Images/Thilan Samaraweera_M_40.jpg,1
31,FinalData/Images/Pedro Collins_M_42.jpg,1
32,FinalData/Images/Craig Cumming_M_43.jpg,1
33,FinalData/Images/Daren Powell_M_40.jpg,1
34,FinalData/Images/Jon Lewis_M_40.jpg,1
35,FinalData/Images/Lou Vincent_M_40.jpg,1
36,FinalData/Images/Stuart Clark_M_44.jpg,1
37,FinalData/Images/Shaun Udal_M_50.jpg,1
38,FinalData/Images/Mick Lewis_M_44.jpg,1
39,FinalData/Images/Wasim Jaffer_M_40.jpg,1
40,FinalData/Images/Rawl Lewis_M_41.jpg,1
41,FinalData/Images/Roger Telemachus_M_46.jpg,1
42,FinalData/Images/Glen Chapple_M_44.jpg,1
43,FinalData/Images/Mal Loye_M_47.jpg,1
44,FinalData/Images/Gary Brent_M_42.jpg,1
45,FinalData/Images/Tyron Henderson_M_44.jpg,1
46,FinalData/Images/Paul Harris_M_40.jpg,1
47,FinalData/Images/Paul Nixon_M_47.jpg,1
48,FinalData/Images/Trent Johnston_M_43.jpg,1
49,FinalData/Images/Andre Botha_M_43.jpg,1
50,FinalData/Images/Dave Langford-Smith_M_40.jpg,1
51,FinalData/Images/Bas Zuiderent_M_42.jpg,1
52,FinalData/Images/Tim de Leede_M_50.jpg,1
53,FinalData/Images/Darron Reekers_M_44.jpg,1
54,FinalData/Images/Billy Stelling_M_40.jpg,1
55,FinalData/Images/Dougie Brown_M_49.jpg,1
56,FinalData/Images/Gavin Hamilton_M_44.jpg,1
57,FinalData/Images/Ryan Watson_M_42.jpg,1
58,FinalData/Images/Irving Romaine_M_46.jpg,1
59,FinalData/Images/Dwayne Leverock_M_48.jpg,1
60,FinalData/Images/John Davison_M_42.jpg,1
61,FinalData/Images/George Codrington_M_44.jpg,1
62,FinalData/Images/Sunil Dhaniram_M_44.jpg,1
63,FinalData/Images/Ashif Mulla_M_40.jpg,1
64,FinalData/Images/Edgar Schiferli_M_40.jpg,1
65,FinalData/Images/Arvind Kandappah_M_45.jpg,1
66,FinalData/Images/Aftab Shamsudeen_M_41.jpg,1
67,FinalData/Images/Ray Price_M_40.jpg,1
68,FinalData/Images/Chris Rogers_M_41.jpg,1
69,FinalData/Images/Abdur Rauf_M_41.jpg,1
70,FinalData/Images/Grant Elliott_M_41.jpg,1
71,FinalData/Images/Matthew Bell_M_41.jpg,1
72,FinalData/Images/Saqib Ali_M_40.jpg,1
73,FinalData/Images/Tabarak Dar_M_42.jpg,1
74,FinalData/Images/Roy Lamsam_M_40.jpg,1
75,FinalData/Images/Darren Pattinson_M_41.jpg,1
76,FinalData/Images/Bryce McGain_M_45.jpg,1
77,FinalData/Images/Jeevantha Kulatunga_M_46.jpg,1
78,FinalData/Images/Indika de Saram_M_45.jpg,1
79,FinalData/Images/Gareth Batty_M_41.jpg,1
80,FinalData/Images/Sanjayan Thuraisingam_M_47.jpg,1
81,FinalData/Images/Steven Welsh_M_44.jpg,1
82,FinalData/Images/Darren Lehmann_M_49.jpg,1
83,FinalData/Images/Musavir Khote_M_40.jpg,1
84,FinalData/Images/Sunil Kumar_M_40.jpg,1
85,FinalData/Images/David Johnson_M_47.jpg,1
86,FinalData/Images/Claude Henderson_M_45.jpg,1
87,FinalData/Images/Ben Phillips_M_42.jpg,1
88,FinalData/Images/Robin Martin-Jenkins_M_44.jpg,1
89,FinalData/Images/Damien Wright_M_40.jpg,1
90,FinalData/Images/Ian Philip_M_41.jpg,1
91,FinalData/Images/Bruce Patterson_M_41.jpg,1
92,FinalData/Images/George Salmond_M_46.jpg,1
93,FinalData/Images/Dipak Chudasama_M_44.jpg,1
94,FinalData/Images/Aasif Karim_M_41.jpg,1
95,FinalData/Images/Sandeep Gupta_M_43.jpg,1
96,FinalData/Images/Aminul Islam_M_42.jpg,1
97,FinalData/Images/Athar Ali Khan_M_44.jpg,1
98,FinalData/Images/Akram Khan_M_41.jpg,1
99,FinalData/Images/Enamul Haque_M_45.jpg,1
100,FinalData/Images/Shahriar Hossain_M_41.jpg,1
101,FinalData/Images/Joe Harris_M_45.jpg,1
102,FinalData/Images/Ashish Patel_M_43.jpg,1
103,FinalData/Images/Manoj David_M_40.jpg,1
104,FinalData/Images/Flavian Aponso_M_43.jpg,1
105,FinalData/Images/Peter Cantrell_M_53.jpg,1
106,FinalData/Images/Paul-Jan Bakker_M_51.jpg,1
107,FinalData/Images/Eric Gouka_M_48.jpg,1
108,FinalData/Images/Nolan Clarke_M_41.jpg,1
109,FinalData/Images/Steven Lubbers_M_45.jpg,1
110,FinalData/Images/Klaas-Jan van Noortwijk_M_49.jpg,1
111,FinalData/Images/Feiko Kloppenburg_M_42.jpg,1
112,FinalData/Images/Duncan Fletcher_M_58.jpg,1
113,FinalData/Images/Iain Butchart_M_43.jpg,1
114,FinalData/Images/Vince Hogg_M_44.jpg,1
115,FinalData/Images/Dave Houghton_M_49.jpg,1
116,FinalData/Images/Andy Pycroft_M_48.jpg,1
117,FinalData/Images/Malcolm Jarvis_M_43.jpg,1
118,FinalData/Images/Babu Meman_M_56.jpg,1
119,FinalData/Images/Kevin Arnott_M_57.jpg,1
120,FinalData/Images/Andy Flower_M_47.jpg,1
121,FinalData/Images/David Brain_M_48.jpg,1
122,FinalData/Images/Gary Crocker_M_56.jpg,1
123,FinalData/Images/Mark Dekker_M_42.jpg,1
124,FinalData/Images/Paul Strang_M_46.jpg,1
125,FinalData/Images/Murray Goodwin_M_44.jpg,1
126,FinalData/Images/Gus Mackay_M_44.jpg,1
127,FinalData/Images/Somachandra De Silva_M_49.jpg,1
128,FinalData/Images/Ranjit Fernando_M_55.jpg,1
129,FinalData/Images/Lalith Kaluperuma_M_53.jpg,1
130,FinalData/Images/Tony Opatha_M_51.jpg,1
131,FinalData/Images/Duleep Mendis_M_45.jpg,1
132,FinalData/Images/Anura Tennekoon_M_54.jpg,1
133,FinalData/Images/Michael Tissera_M_56.jpg,1
134,FinalData/Images/Bandula Warnapura_M_48.jpg,1
135,FinalData/Images/Roy Dias_M_43.jpg,1
136,FinalData/Images/Arjuna Ranatunga_M_43.jpg,1
137,FinalData/Images/Ashantha de Mel_M_49.jpg,1
138,FinalData/Images/Rumesh Ratnayake_M_51.jpg,1
139,FinalData/Images/Brendon Kuruppu_M_43.jpg,1
140,FinalData/Images/Aravinda de Silva_M_42.jpg,1
141,FinalData/Images/Gamini Perera_M_45.jpg,1
142,FinalData/Images/Graeme Labrooy_M_54.jpg,1
143,FinalData/Images/Champaka Ramanayake_M_51.jpg,1
144,FinalData/Images/Asoka De Silva_M_44.jpg,1
145,FinalData/Images/Dammika Ranatunga_M_48.jpg,1
146,FinalData/Images/Jayananda Warnaweera_M_57.jpg,1
147,FinalData/Images/Dulip Liyanage_M_45.jpg,1
148,FinalData/Images/Nishantha Ranatunga_M_45.jpg,1
149,FinalData/Images/Gamini Wickremasinghe_M_45.jpg,1
150,FinalData/Images/Pubudu Dassanayake_M_46.jpg,1
151,FinalData/Images/Hemantha Wickramaratne_M_41.jpg,1
152,FinalData/Images/Chaminda Mendis_M_42.jpg,1
153,FinalData/Images/Majid Khan_M_45.jpg,1
154,FinalData/Images/Intikhab Alam_M_49.jpg,1
155,FinalData/Images/Saleem Altaf_M_58.jpg,1
156,FinalData/Images/Sadiq Mohammad_M_50.jpg,1
157,FinalData/Images/Mushtaq Mohammad_M_45.jpg,1
158,FinalData/Images/Imran Khan_M_43.jpg,1
159,FinalData/Images/Pervez Mir_M_44.jpg,1
160,FinalData/Images/Shafiq Ahmed_M_45.jpg,1
161,FinalData/Images/Haroon Rasheed_M_57.jpg,1
162,FinalData/Images/Mudassar Nazar_M_45.jpg,1
163,FinalData/Images/Sikander Bakht_M_59.jpg,1
164,FinalData/Images/Iqbal Qasim_M_58.jpg,1
165,FinalData/Images/Azmat Rana_M_58.jpg,1
166,FinalData/Images/Mansoor Akhtar_M_49.jpg,1
167,FinalData/Images/Javed Miandad_M_44.jpg,1
168,FinalData/Images/Taslim Arif_M_44.jpg,1
169,FinalData/Images/Saleem Yousuf_M_42.jpg,1
170,FinalData/Images/Tauseef Ahmed_M_44.jpg,1
171,FinalData/Images/Abdul Qadir_M_42.jpg,1
172,FinalData/Images/Azeem Hafeez_M_42.jpg,1
173,FinalData/Images/Wasim Akram_M_44.jpg,1
174,FinalData/Images/Manzoor Elahi_M_55.jpg,1
175,FinalData/Images/Zakir Khan_M_54.jpg,1
176,FinalData/Images/Mohsin Kamal_M_46.jpg,1
177,FinalData/Images/Saleem Jaffar_M_54.jpg,1
178,FinalData/Images/Shakeel Khan_M_43.jpg,1
179,FinalData/Images/Aaqib Javed_M_45.jpg,1
180,FinalData/Images/Waqar Younis_M_46.jpg,1
181,FinalData/Images/Aamer Malik_M_46.jpg,1
182,FinalData/Images/Mushtaq Ahmed_M_46.jpg,1
183,FinalData/Images/Nadeem Ghauri_M_45.jpg,1
184,FinalData/Images/Akram Raza_M_44.jpg,1
185,FinalData/Images/Moin Khan_M_45.jpg,1
186,FinalData/Images/Naeem Ashraf_M_45.jpg,1
187,FinalData/Images/Shahid Anwar_M_44.jpg,1
188,FinalData/Images/Zahoor Elahi_M_47.jpg,1
189,FinalData/Images/Mohammad Zahid_M_40.jpg,1
190,FinalData/Images/Manzoor Akhtar_M_42.jpg,1
191,FinalData/Images/Naved Latif_M_40.jpg,1
192,FinalData/Images/Farokh Engineer_M_44.jpg,1
193,FinalData/Images/Sunil Gavaskar_M_51.jpg,1
194,FinalData/Images/Syed Abid Ali_M_42.jpg,1
195,FinalData/Images/Bishan Bedi_M_44.jpg,1
196,FinalData/Images/Brijesh Patel_M_51.jpg,1
197,FinalData/Images/Srinivas Venkataraghavan_M_47.jpg,1
198,FinalData/Images/Gopal Bose_M_58.jpg,1
199,FinalData/Images/Gundappa Viswanath_M_54.jpg,1
200,FinalData/Images/Ajit Wadekar_M_51.jpg,1
201,FinalData/Images/Anshuman Gaekwad_M_51.jpg,1
202,FinalData/Images/Parthasarthi Sharma_M_60.jpg,1
203,FinalData/Images/Karsan Ghavri_M_67.jpg,1
204,FinalData/Images/Syed Kirmani_M_57.jpg,1
205,FinalData/Images/Sudhakar Rao_M_67.jpg,1
206,FinalData/Images/Dilip Vengsarkar_M_43.jpg,1
207,FinalData/Images/Chetan Chauhan_M_52.jpg,1
208,FinalData/Images/Kapil Dev_M_43.jpg,1
209,FinalData/Images/Yashpal Sharma_M_43.jpg,1
210,FinalData/Images/Bharath Reddy_M_54.jpg,1
211,FinalData/Images/Surinder Khanna_M_62.jpg,1
212,FinalData/Images/Kirti Azad_M_44.jpg,1
213,FinalData/Images/Tirumalai Srinivasan_M_41.jpg,1
214,FinalData/Images/Yograj Singh_M_53.jpg,1
215,FinalData/Images/Sandeep Patil_M_45.jpg,1
216,FinalData/Images/Ravi Shastri_M_43.jpg,1
217,FinalData/Images/Ashok Malhotra_M_61.jpg,1
218,FinalData/Images/Arun Lal_M_49.jpg,1
219,FinalData/Images/Balwinder Sandhu_M_48.jpg,1
220,FinalData/Images/Maninder Singh_M_44.jpg,1
221,FinalData/Images/Kris Srikkanth_M_45.jpg,1
222,FinalData/Images/Kiran More_M_47.jpg,1
223,FinalData/Images/Lalchand Rajput_M_44.jpg,1
224,FinalData/Images/Gopal Sharma_M_58.jpg,1
225,FinalData/Images/Chandrakant Pandit_M_48.jpg,1
226,FinalData/Images/Mohammad Azharuddin_M_43.jpg,1
227,FinalData/Images/Shivlal Yadav_M_51.jpg,1
228,FinalData/Images/Bharat Arun_M_45.jpg,1
229,FinalData/Images/Arshad Ayub_M_43.jpg,1
230,FinalData/Images/Navjot Sidhu_M_40.jpg,1
231,FinalData/Images/V.B.Chandrasekhar_M_45.jpg,1
232,FinalData/Images/Vivek Razdan_M_43.jpg,1
233,FinalData/Images/Atul Wassan_M_42.jpg,1
234,FinalData/Images/Gursharan Singh_M_56.jpg,1
235,FinalData/Images/Saradindu Mukherjee_M_48.jpg,1
236,FinalData/Images/Subroto Banerjee_M_49.jpg,1
237,FinalData/Images/Pravin Amre_M_44.jpg,1
238,FinalData/Images/Vijay Yadav_M_51.jpg,1
239,FinalData/Images/Rajesh Chauhan_M_43.jpg,1
240,FinalData/Images/Utpal Chatterjee_M_53.jpg,1
241,FinalData/Images/Vikram Rathour_M_49.jpg,1
242,FinalData/Images/Debasis Mohanty_M_42.jpg,1
243,FinalData/Images/Sairaj Bahutule_M_43.jpg,1
244,FinalData/Images/Harvinder Singh_M_40.jpg,1
245,FinalData/Images/Mannava Prasad_M_43.jpg,1
246,FinalData/Images/Gagan Khoda_M_44.jpg,1
247,FinalData/Images/Jatin Paranjpe_M_46.jpg,1
248,FinalData/Images/Hemang Badani_M_42.jpg,1
249,FinalData/Images/Deep Dasgupta_M_41.jpg,1
250,FinalData/Images/Sarandeep Singh_M_40.jpg,1
251,FinalData/Images/Peter Coman_M_44.jpg,1
252,FinalData/Images/Mark Burgess_M_42.jpg,1
253,FinalData/Images/Sir Richard Hadlee_M_58.jpg,1
254,FinalData/Images/Dayle Hadlee_M_49.jpg,1
255,FinalData/Images/Bev Congdon_M_45.jpg,1
256,FinalData/Images/Hedley Howarth_M_45.jpg,1
257,FinalData/Images/Brian Hastings_M_48.jpg,1
258,FinalData/Images/Ken Wadsworth_M_48.jpg,1
259,FinalData/Images/Glenn Turner_M_44.jpg,1
260,FinalData/Images/Lance Cairns_M_69.jpg,1
261,FinalData/Images/Rodney Redmond_M_41.jpg,1
262,FinalData/Images/Robert Anderson_M_57.jpg,1
263,FinalData/Images/John Morrison_M_59.jpg,1
264,FinalData/Images/Gary Troup_M_49.jpg,1
265,FinalData/Images/Stephen Boock_M_48.jpg,1
266,FinalData/Images/John Wright_M_54.jpg,1
267,FinalData/Images/Warren Lees_M_43.jpg,1
268,FinalData/Images/Jeremy Coney_M_54.jpg,1
269,FinalData/Images/Ian Smith_M_61.jpg,1
270,FinalData/Images/Martin Snedden_M_44.jpg,1
271,FinalData/Images/Bruce Blair_M_51.jpg,1
272,FinalData/Images/Jeff Crowe_M_52.jpg,1
273,FinalData/Images/John Bracewell_M_62.jpg,1
274,FinalData/Images/Evan Gray_M_62.jpg,1
275,FinalData/Images/Ken Rutherford_M_43.jpg,1
276,FinalData/Images/Tony Blain_M_48.jpg,1
277,FinalData/Images/Dipak Patel_M_48.jpg,1
278,FinalData/Images/Andrew Jones_M_59.jpg,1
279,FinalData/Images/Danny Morrison_M_50.jpg,1
280,FinalData/Images/Mark Greatbatch_M_51.jpg,1
281,FinalData/Images/Shane Thomson_M_49.jpg,1
282,FinalData/Images/Gavin Larsen_M_46.jpg,1
283,FinalData/Images/Mark Priest_M_42.jpg,1
284,FinalData/Images/Richard Petrie_M_48.jpg,1
285,FinalData/Images/Grant Bradburn_M_41.jpg,1
286,FinalData/Images/Chris Harris_M_47.jpg,1
287,FinalData/Images/Simon Doull_M_42.jpg,1
288,FinalData/Images/Mark Haslam_M_44.jpg,1
289,FinalData/Images/Jonathan Millmow_M_50.jpg,1
290,FinalData/Images/Justin Vaughan_M_43.jpg,1
291,FinalData/Images/Jeff Wilson_M_45.jpg,1
292,FinalData/Images/Darrin Murray_M_50.jpg,1
293,FinalData/Images/Roger Twose_M_43.jpg,1
294,FinalData/Images/Craig Spearman_M_45.jpg,1
295,FinalData/Images/Chris Drum_M_42.jpg,1
296,FinalData/Images/Carl Bulfin_M_46.jpg,1
297,FinalData/Images/Glen Sulzberger_M_42.jpg,1
298,FinalData/Images/Rohan Kanhai_M_58.jpg,1
299,FinalData/Images/Vanburn Holder_M_43.jpg,1
300,FinalData/Images/Roy Fredericks_M_51.jpg,1
301,FinalData/Images/Clive Lloyd_M_49.jpg,1
302,FinalData/Images/Sir Garry Sobers_M_62.jpg,1
303,FinalData/Images/Ron Headley_M_42.jpg,1
304,FinalData/Images/Sir Viv Richards_M_60.jpg,1
305,FinalData/Images/David Murray_M_44.jpg,1
306,FinalData/Images/Deryck Murray_M_42.jpg,1
307,FinalData/Images/Richard Austin_M_64.jpg,1
308,FinalData/Images/Collis King_M_67.jpg,1
309,FinalData/Images/Faoud Bacchus_M_41.jpg,1
310,FinalData/Images/Colin Croft_M_65.jpg,1
311,FinalData/Images/Lawrence Rowe_M_43.jpg,1
312,FinalData/Images/Michael Holding_M_64.jpg,1
313,FinalData/Images/Joel Garner_M_66.jpg,1
314,FinalData/Images/Derick Parry_M_63.jpg,1
315,FinalData/Images/Norbert Phillip_M_70.jpg,1
316,FinalData/Images/Malcolm Marshall_M_41.jpg,1
317,FinalData/Images/Milton Pydanna_M_44.jpg,1
318,FinalData/Images/Jeff Dujon_M_51.jpg,1
319,FinalData/Images/Eldine Baptiste_M_58.jpg,1
320,FinalData/Images/Roger Harper_M_49.jpg,1
321,FinalData/Images/Tony Gray_M_55.jpg,1
322,FinalData/Images/Patrick Patterson_M_57.jpg,1
323,FinalData/Images/Carlisle Best_M_59.jpg,1
324,FinalData/Images/David Williams_M_48.jpg,1
325,FinalData/Images/Sir Curtly Ambrose_M_41.jpg,1
326,FinalData/Images/Winston Benjamin_M_43.jpg,1
327,FinalData/Images/Ezra Moseley_M_41.jpg,1
328,FinalData/Images/Jimmy Adams_M_40.jpg,1
329,FinalData/Images/Robert Samuels_M_46.jpg,1
330,FinalData/Images/Dinanath Ramnarine_M_42.jpg,1
331,FinalData/Images/Hendy Bryan_M_48.jpg,1
332,FinalData/Images/Leon Garrick_M_42.jpg,1
333,FinalData/Images/Barberton Halliwell_M_45.jpg,1
334,FinalData/Images/Robert Poore_M_44.jpg,1
335,FinalData/Images/Henry Taberer_M_44.jpg,1
336,FinalData/Images/Johannes Kotze_M_44.jpg,1
337,FinalData/Images/Reggie Schwarz_M_48.jpg,1
338,FinalData/Images/Gordon White_M_51.jpg,1
339,FinalData/Images/Bert Vogler_M_44.jpg,1
340,FinalData/Images/Frank Mitchell_M_47.jpg,1
341,FinalData/Images/George Parker_M_44.jpg,1
342,FinalData/Images/Tuppy Owen-Smith_M_44.jpg,1
343,FinalData/Images/Xen Balaskas_M_51.jpg,1
344,FinalData/Images/Dudley Nourse_M_56.jpg,1
345,FinalData/Images/Alan Melville_M_61.jpg,1
346,FinalData/Images/Jack Plimsoll_M_48.jpg,1
347,FinalData/Images/Paul Winslow_M_43.jpg,1
348,FinalData/Images/Eddie Fuller_M_62.jpg,1
349,FinalData/Images/Neil Adcock_M_50.jpg,1
350,FinalData/Images/Eddie Barlow_M_50.jpg,1
351,FinalData/Images/Peter Pollock_M_60.jpg,1
352,FinalData/Images/Peter van der Merwe_M_44.jpg,1
353,FinalData/Images/Graeme Pollock_M_61.jpg,1
354,FinalData/Images/Ali Bacher_M_54.jpg,1
355,FinalData/Images/Mike Procter_M_56.jpg,1
356,FinalData/Images/Barry Richards_M_65.jpg,1
357,FinalData/Images/Tertius Bosch_M_43.jpg,1
358,FinalData/Images/Hansie Cronje_M_41.jpg,1
359,FinalData/Images/Allan Donald_M_41.jpg,1
360,FinalData/Images/Meyrick Pringle_M_43.jpg,1
361,FinalData/Images/Peter Kirsten_M_49.jpg,1
362,FinalData/Images/Dave Richardson_M_45.jpg,1
363,FinalData/Images/Jimmy Cook_M_51.jpg,1
364,FinalData/Images/Kepler Wessels_M_43.jpg,1
365,FinalData/Images/Omar Henry_M_53.jpg,1
366,FinalData/Images/Brian McMillan_M_42.jpg,1
367,FinalData/Images/Jonty Rhodes_M_49.jpg,1
368,FinalData/Images/Gary Kirsten_M_51.jpg,1
369,FinalData/Images/Daryll Cullinan_M_51.jpg,1
370,FinalData/Images/HD Ackerman_M_45.jpg,1
371,FinalData/Images/Steve Elworthy_M_43.jpg,1
372,FinalData/Images/Pieter Strydom_M_41.jpg,1
373,FinalData/Images/Martin van Jaarsveld_M_41.jpg,1
374,FinalData/Images/Greg Chappell_M_53.jpg,1
375,FinalData/Images/Rod Marsh_M_49.jpg,1
376,FinalData/Images/Ian Chappell_M_50.jpg,1
377,FinalData/Images/Garth McKenzie_M_48.jpg,1
378,FinalData/Images/Alan Connolly_M_41.jpg,1
379,FinalData/Images/Bill Lawry_M_52.jpg,1
380,FinalData/Images/Keith Stackpole_M_44.jpg,1
381,FinalData/Images/Ian Redpath_M_58.jpg,1
382,FinalData/Images/Dennis Lillee_M_54.jpg,1
383,FinalData/Images/Doug Walters_M_60.jpg,1
384,FinalData/Images/Graeme Watson_M_42.jpg,1
385,FinalData/Images/Paul Sheahan_M_56.jpg,1
386,FinalData/Images/Gary Gilmour_M_42.jpg,1
387,FinalData/Images/Wally Edwards_M_69.jpg,1
388,FinalData/Images/Max Walker_M_70.jpg,1
389,FinalData/Images/Terry Jenner_M_58.jpg,1
390,FinalData/Images/Alan Turner_M_68.jpg,1
391,FinalData/Images/Jeff Thomson_M_57.jpg,1
392,FinalData/Images/Mick Malone_M_49.jpg,1
393,FinalData/Images/David Hookes_M_46.jpg,1
394,FinalData/Images/Alan Hurst_M_55.jpg,1
395,FinalData/Images/Len Pascoe_M_50.jpg,1
396,FinalData/Images/Kerry OKeeffe_M_51.jpg,1
397,FinalData/Images/Rick Darling_M_50.jpg,1
398,FinalData/Images/Ian Callen_M_43.jpg,1
399,FinalData/Images/Wayne Clark_M_51.jpg,1
400,FinalData/Images/Steve Rixon_M_62.jpg,1
401,FinalData/Images/Bob Simpson_M_50.jpg,1
402,FinalData/Images/Peter Toohey_M_42.jpg,1
403,FinalData/Images/Graham Yallop_M_51.jpg,1
404,FinalData/Images/Bruce Yardley_M_47.jpg,1
405,FinalData/Images/Allan Border_M_49.jpg,1
406,FinalData/Images/Graeme Wood_M_42.jpg,1
407,FinalData/Images/Andrew Hilditch_M_62.jpg,1
408,FinalData/Images/Julien Wiener_M_63.jpg,1
409,FinalData/Images/Dav Whatmore_M_53.jpg,1
410,FinalData/Images/Martin Kent_M_42.jpg,1
411,FinalData/Images/John Dyson_M_49.jpg,1
412,FinalData/Images/Geoff Lawson_M_47.jpg,1
413,FinalData/Images/Greg Ritchie_M_46.jpg,1
414,FinalData/Images/Wayne Phillips_M_49.jpg,1
415,FinalData/Images/Terry Alderman_M_44.jpg,1
416,FinalData/Images/Carl Rackemann_M_50.jpg,1
417,FinalData/Images/Greg Matthews_M_44.jpg,1
418,FinalData/Images/Simon ODonnell_M_54.jpg,1
419,FinalData/Images/Steve Waugh_M_51.jpg,1
420,FinalData/Images/Dave Gilbert_M_44.jpg,1
421,FinalData/Images/Mike Veletta_M_49.jpg,1
422,FinalData/Images/Greg Dyer_M_50.jpg,1
423,FinalData/Images/Bruce Reid_M_47.jpg,1
424,FinalData/Images/Tim Zoehrer_M_41.jpg,1
425,FinalData/Images/Andrew Zesers_M_45.jpg,1
426,FinalData/Images/Merv Hughes_M_44.jpg,1
427,FinalData/Images/Ian Healy_M_53.jpg,1
428,FinalData/Images/Paul Reiffel_M_50.jpg,1
429,FinalData/Images/Shane Lee_M_45.jpg,1
430,FinalData/Images/Greg Blewett_M_41.jpg,1
431,FinalData/Images/Michael Di Venuto_M_43.jpg,1
432,FinalData/Images/Andy Bichel_M_48.jpg,1
433,FinalData/Images/Paul Wilson_M_45.jpg,1
434,FinalData/Images/Tom Emmett_M_56.jpg,1
435,FinalData/Images/James Southerton_M_46.jpg,1
436,FinalData/Images/Lord Harris_M_61.jpg,1
437,FinalData/Images/Alfred Shaw_M_48.jpg,1
438,FinalData/Images/George Ulyett_M_54.jpg,1
439,FinalData/Images/John Selby_M_50.jpg,1
440,FinalData/Images/Monkey Hornby_M_64.jpg,1
441,FinalData/Images/Alexander Webbe_M_48.jpg,1
442,FinalData/Images/Billy Barnes_M_51.jpg,1
443,FinalData/Images/Fred Grace_M_48.jpg,1
444,FinalData/Images/Fred Morley_M_51.jpg,1
445,FinalData/Images/Allan Steel_M_43.jpg,1
446,FinalData/Images/Billy Bates_M_44.jpg,1
447,FinalData/Images/Billy Midwinter_M_43.jpg,1
448,FinalData/Images/Ted Peate_M_59.jpg,1
449,FinalData/Images/Dick Pilling_M_67.jpg,1
450,FinalData/Images/Arthur Shrewsbury_M_42.jpg,1
451,FinalData/Images/Ivo Bligh_M_44.jpg,1
452,FinalData/Images/Walter Read_M_44.jpg,1
453,FinalData/Images/Johnny Briggs_M_41.jpg,1
454,FinalData/Images/George Lohmann_M_41.jpg,1
455,FinalData/Images/Edmund Tylecote_M_40.jpg,1
456,FinalData/Images/Bobby Peel_M_45.jpg,1
457,FinalData/Images/Sir Aubrey Smith_M_53.jpg,1
458,FinalData/Images/Gregor MacGregor_M_47.jpg,1
459,FinalData/Images/Fred Martin_M_54.jpg,1
460,FinalData/Images/Victor Barton_M_44.jpg,1
461,FinalData/Images/William Chatterton_M_62.jpg,1
462,FinalData/Images/Jack Hearne_M_40.jpg,1
463,FinalData/Images/Billy Murdoch_M_53.jpg,1
464,FinalData/Images/Stanley Jackson_M_44.jpg,1
465,FinalData/Images/Arthur Mold_M_44.jpg,1
466,FinalData/Images/Bill Lockwood_M_41.jpg,1
467,FinalData/Images/Tom Richardson_M_44.jpg,1
468,FinalData/Images/Bill Brockwell_M_49.jpg,1
469,FinalData/Images/Lord Hawke_M_59.jpg,1
470,FinalData/Images/Tom Hayward_M_58.jpg,1
471,FinalData/Images/Dick Lilley_M_50.jpg,1
472,FinalData/Images/Ranji_M_44.jpg,1
473,FinalData/Images/Jack Mason_M_41.jpg,1
474,FinalData/Images/Sir Pelham Warner_M_51.jpg,1
475,FinalData/Images/Gilbert Jessop_M_57.jpg,1
476,FinalData/Images/Willie Quaife_M_65.jpg,1
477,FinalData/Images/Fred Tate_M_44.jpg,1
478,FinalData/Images/Tip Foster_M_47.jpg,1
479,FinalData/Images/Albert Relf_M_59.jpg,1
480,FinalData/Images/Frederick Fane_M_44.jpg,1
481,FinalData/Images/George Gunn_M_55.jpg,1
482,FinalData/Images/Sir Jack Hobbs_M_48.jpg,1
483,FinalData/Images/Douglas Carr_M_55.jpg,1
484,FinalData/Images/Jack Sharp_M_52.jpg,1
485,FinalData/Images/Frank Woolley_M_61.jpg,1
486,FinalData/Images/Young Jack Hearne_M_50.jpg,1
487,FinalData/Images/Phil Mead_M_58.jpg,1
488,FinalData/Images/Major Booth_M_44.jpg,1
489,FinalData/Images/Lionel Tennyson_M_51.jpg,1
490,FinalData/Images/Jack Russell_M_41.jpg,1
491,FinalData/Images/Harry Makepeace_M_54.jpg,1
492,FinalData/Images/Percy Fender_M_54.jpg,1
493,FinalData/Images/Andy Ducat_M_48.jpg,1
494,FinalData/Images/Andy Sandham_M_48.jpg,1
495,FinalData/Images/George Macaulay_M_53.jpg,1
496,FinalData/Images/Frank Mann_M_56.jpg,1
497,FinalData/Images/Alex Kennedy_M_54.jpg,1
498,FinalData/Images/Arthur Carr_M_54.jpg,1
499,FinalData/Images/Herbert Sutcliffe_M_51.jpg,1
500,FinalData/Images/George Wood_M_61.jpg,1
501,FinalData/Images/Dick Tyldesley_M_44.jpg,1
502,FinalData/Images/Harold Larwood_M_40.jpg,1
503,FinalData/Images/Fred Root_M_51.jpg,1
504,FinalData/Images/Jack MacBryan_M_48.jpg,1
505,FinalData/Images/Wally Hammond_M_42.jpg,1
506,FinalData/Images/Ian Peebles_M_44.jpg,1
507,FinalData/Images/Sam Staples_M_43.jpg,1
508,FinalData/Images/Bob Wyatt_M_43.jpg,1
509,FinalData/Images/Douglas Jardine_M_46.jpg,1
510,FinalData/Images/Jack O Connor_M_48.jpg,1
511,FinalData/Images/Les Ames_M_44.jpg,1
512,FinalData/Images/Maurice Turnbull_M_43.jpg,1
513,FinalData/Images/Stan Worthington_M_44.jpg,1
514,FinalData/Images/Sir Gubby Allen_M_44.jpg,1
515,FinalData/Images/Harry Lee_M_53.jpg,1
516,FinalData/Images/Bill Bowes_M_54.jpg,1
517,FinalData/Images/Hedley Verity_M_48.jpg,1
518,FinalData/Images/Nawab of Pataudi_M_54.jpg,1
519,FinalData/Images/Tommy Mitchell_M_46.jpg,1
520,FinalData/Images/Charlie Barnett_M_54.jpg,1
521,FinalData/Images/Charles Marriott_M_54.jpg,1
522,FinalData/Images/Eric Hollies_M_43.jpg,1
523,FinalData/Images/Jim Sims_M_45.jpg,1
524,FinalData/Images/Sir Leonard Hutton_M_48.jpg,1
525,FinalData/Images/Arthur Wellard_M_42.jpg,1
526,FinalData/Images/Denis Compton_M_48.jpg,1
527,FinalData/Images/Bill Edrich_M_51.jpg,1
528,FinalData/Images/Norman Yardley_M_42.jpg,1
529,FinalData/Images/Dick Pollard_M_41.jpg,1
530,FinalData/Images/Peter Smith_M_58.jpg,1
531,FinalData/Images/Tom Dollery_M_44.jpg,1
532,FinalData/Images/Jim Laker_M_44.jpg,1
533,FinalData/Images/Maurice Tremlett_M_42.jpg,1
534,FinalData/Images/Billy Griffith_M_58.jpg,1
535,FinalData/Images/Johnny Wardle_M_49.jpg,1
536,FinalData/Images/George Emmett_M_51.jpg,1
537,FinalData/Images/Allan Watkins_M_44.jpg,1
538,FinalData/Images/Les Jackson_M_53.jpg,1
539,FinalData/Images/Reg Simpson_M_43.jpg,1
540,FinalData/Images/Alan Wharton_M_49.jpg,1
541,FinalData/Images/Brian Close_M_51.jpg,1
542,FinalData/Images/Derek Shackleton_M_48.jpg,1
543,FinalData/Images/Doug Insole_M_56.jpg,1
544,FinalData/Images/Arthur McIntyre_M_46.jpg,1
545,FinalData/Images/David Sheppard_M_47.jpg,1
546,FinalData/Images/Brian Statham_M_48.jpg,1
547,FinalData/Images/Tom Graveney_M_42.jpg,1
548,FinalData/Images/Peter May_M_48.jpg,1
549,FinalData/Images/Don Kenyon_M_48.jpg,1
550,FinalData/Images/Charles Palmer_M_44.jpg,1
551,FinalData/Images/Jim McConnon_M_50.jpg,1
552,FinalData/Images/Frank Tyson_M_47.jpg,1
553,FinalData/Images/Ken Barrington_M_43.jpg,1
554,FinalData/Images/Colin Cowdrey_M_49.jpg,1
555,FinalData/Images/Arthur Milton_M_49.jpg,1
556,FinalData/Images/Ray Illingworth_M_45.jpg,1
557,FinalData/Images/Tommy Greenhough_M_42.jpg,1
558,FinalData/Images/Ted Dexter_M_45.jpg,1
559,FinalData/Images/Peter Walker_M_40.jpg,1
560,FinalData/Images/Eric Russell_M_43.jpg,1
561,FinalData/Images/Peter Parfitt_M_42.jpg,1
562,FinalData/Images/Micky Stewart_M_48.jpg,1
563,FinalData/Images/John Edrich_M_54.jpg,1
564,FinalData/Images/Geoff Boycott_M_43.jpg,1
565,FinalData/Images/David Brown_M_42.jpg,1
566,FinalData/Images/Ken Higgs_M_44.jpg,1
567,FinalData/Images/Colin Milburn_M_55.jpg,1
568,FinalData/Images/Robin Hobbs_M_45.jpg,1
569,FinalData/Images/Basil D Oliveira_M_43.jpg,1
570,FinalData/Images/Dennis Amiss_M_67.jpg,1
571,FinalData/Images/Derek Underwood_M_43.jpg,1
572,FinalData/Images/Geoff Arnold_M_49.jpg,1
573,FinalData/Images/Pat Pocock_M_45.jpg,1
574,FinalData/Images/Alan Knott_M_57.jpg,1
575,FinalData/Images/Keith Fletcher_M_42.jpg,1
576,FinalData/Images/John Hampshire_M_49.jpg,1
577,FinalData/Images/Mike Denness_M_44.jpg,1
578,FinalData/Images/Brian Luckhurst_M_44.jpg,1
579,FinalData/Images/Bob Willis_M_68.jpg,1
580,FinalData/Images/Bob Taylor_M_46.jpg,1
581,FinalData/Images/Tony Greig_M_43.jpg,1
582,FinalData/Images/Graham Roope_M_51.jpg,1
583,FinalData/Images/Jack Birkenshaw_M_59.jpg,1
584,FinalData/Images/Graham Gooch_M_51.jpg,1
585,FinalData/Images/David Lloyd_M_53.jpg,1
586,FinalData/Images/David Steele_M_49.jpg,1
587,FinalData/Images/Bob Woolmer_M_61.jpg,1
588,FinalData/Images/Mike Selvey_M_43.jpg,1
589,FinalData/Images/Peter Willey_M_51.jpg,1
590,FinalData/Images/Graham Barlow_M_51.jpg,1
591,FinalData/Images/John Lever_M_47.jpg,1
592,FinalData/Images/Sir Ian Botham_M_46.jpg,1
593,FinalData/Images/Derek Randall_M_44.jpg,1
594,FinalData/Images/Brian Rose_M_56.jpg,1
595,FinalData/Images/Clive Radley_M_42.jpg,1
596,FinalData/Images/Geoff Miller_M_56.jpg,1
597,FinalData/Images/Mike Gatting_M_61.jpg,1
598,FinalData/Images/David Gower_M_61.jpg,1
599,FinalData/Images/Wayne Larkins_M_58.jpg,1
600,FinalData/Images/David Bairstow_M_50.jpg,1
601,FinalData/Images/Alan Butcher_M_62.jpg,1
602,FinalData/Images/Graham Stevenson_M_49.jpg,1
603,FinalData/Images/John Emburey_M_51.jpg,1
604,FinalData/Images/Graham Dilley_M_49.jpg,1
605,FinalData/Images/Roland Butcher_M_42.jpg,1
606,FinalData/Images/Paul Downton_M_61.jpg,1
607,FinalData/Images/Robin Jackman_M_58.jpg,1
608,FinalData/Images/Paul Allott_M_62.jpg,1
609,FinalData/Images/Geoff Cook_M_45.jpg,1
610,FinalData/Images/Eddie Hemmings_M_56.jpg,1
611,FinalData/Images/Vic Marks_M_41.jpg,1
612,FinalData/Images/Nick Cook_M_52.jpg,1
613,FinalData/Images/Chris Smith_M_50.jpg,1
614,FinalData/Images/Andy Lloyd_M_40.jpg,1
615,FinalData/Images/Chris Cowdrey_M_40.jpg,1
616,FinalData/Images/Arnie Sidebottom_M_50.jpg,1
617,FinalData/Images/Tim Robinson_M_52.jpg,1
618,FinalData/Images/Les Taylor_M_48.jpg,1
619,FinalData/Images/David Smith_M_49.jpg,1
620,FinalData/Images/Bruce French_M_41.jpg,1
621,FinalData/Images/Mark Benson_M_59.jpg,1
622,FinalData/Images/Martyn Moxon_M_50.jpg,1
623,FinalData/Images/James Whitaker_M_53.jpg,1
624,FinalData/Images/Neil Fairbrother_M_42.jpg,1
625,FinalData/Images/Phil DeFreitas_M_44.jpg,1
626,FinalData/Images/David Capel_M_49.jpg,1
627,FinalData/Images/Tim Curtis_M_44.jpg,1
628,FinalData/Images/Robin Smith_M_48.jpg,1
629,FinalData/Images/Rob Bailey_M_52.jpg,1
630,FinalData/Images/Matthew Maynard_M_50.jpg,1
631,FinalData/Images/Kim Barnett_M_49.jpg,1
632,FinalData/Images/Jack Russell_M_44.jpg,1
633,FinalData/Images/Angus Fraser_M_52.jpg,1
634,FinalData/Images/John Stephenson_M_40.jpg,1
635,FinalData/Images/Alec Stewart_M_44.jpg,1
636,FinalData/Images/Mike Atherton_M_41.jpg,1
637,FinalData/Images/Phil Tufnell_M_44.jpg,1
638,FinalData/Images/Graeme Hick_M_45.jpg,1
639,FinalData/Images/Hugh Morris_M_54.jpg,1
640,FinalData/Images/Richard Illingworth_M_49.jpg,1
641,FinalData/Images/Ian Salisbury_M_45.jpg,1
642,FinalData/Images/Dermot Reeve_M_43.jpg,1
643,FinalData/Images/Neil Mallender_M_48.jpg,1
644,FinalData/Images/Andy Caddick_M_42.jpg,1
645,FinalData/Images/Peter Such_M_47.jpg,1
646,FinalData/Images/Martin Bicknell_M_41.jpg,1
647,FinalData/Images/Peter Martin_M_50.jpg,1
648,FinalData/Images/Steve Rhodes_M_52.jpg,1
649,FinalData/Images/Craig White_M_48.jpg,1
650,FinalData/Images/Jason Gallian_M_45.jpg,1
651,FinalData/Images/John Crawley_M_47.jpg,1
652,FinalData/Images/Dominic Cork_M_45.jpg,1
653,FinalData/Images/Mike Watkinson_M_55.jpg,1
654,FinalData/Images/Alan Wells_M_57.jpg,1
655,FinalData/Images/Mark Ealham_M_46.jpg,1
656,FinalData/Images/Min Patel_M_47.jpg,1
657,FinalData/Images/Alan Mullally_M_49.jpg,1
658,FinalData/Images/Mike Smith_M_44.jpg,1
659,FinalData/Images/Robert Croft_M_46.jpg,1
660,FinalData/Images/Adam Hollioake_M_40.jpg,1
661,FinalData/Images/Steve James_M_43.jpg,1
662,FinalData/Images/Chris Adams_M_46.jpg,1
663,FinalData/Images/Anthony McGrath_M_43.jpg,1
664,FinalData/Images/Richard Johnson_M_40.jpg,1
665,FinalData/Images/Mike Smith_M_48.jpg,1
666,FinalData/Images/Geoff Humpage_M_44.jpg,1
667,FinalData/Images/Jim Love_M_63.jpg,1
668,FinalData/Images/Trevor Jesty_M_57.jpg,1
669,FinalData/Images/Colin Wells_M_47.jpg,1
670,FinalData/Images/Ian Gould_M_58.jpg,1
671,FinalData/Images/Graham Lloyd_M_49.jpg,1
672,FinalData/Images/Matthew Fleming_M_43.jpg,1
673,FinalData/Images/Vince Wells_M_53.jpg,1
674,FinalData/Images/Alex Wharf_M_43.jpg,1
675,FinalData/Images/Clive Rice_M_58.jpg,1
676,FinalData/Images/Corrie van Zyl_M_44.jpg,1
677,FinalData/Images/Eric Simons_M_44.jpg,1
678,FinalData/Images/Errol Stewart_M_47.jpg,1
679,FinalData/Images/Mike Rindel_M_54.jpg,1
680,FinalData/Images/Rusi Modi_M_40.jpg,1
681,FinalData/Images/Pankaj Roy_M_46.jpg,1
682,FinalData/Images/Salim Durani_M_64.jpg,1
683,FinalData/Images/Nawab of Pataudi_M_54.jpg,1
684,FinalData/Images/Martin Donnelly_M_56.jpg,1
685,FinalData/Images/Merv Wallace_M_44.jpg,1
686,FinalData/Images/Walter Hadlee_M_53.jpg,1
687,FinalData/Images/Bert Sutcliffe_M_44.jpg,1
688,FinalData/Images/John Reid_M_58.jpg,1
689,FinalData/Images/Alex Moir_M_67.jpg,1
690,FinalData/Images/Gary Bartlett_M_43.jpg,1
691,FinalData/Images/Graham Dowling_M_43.jpg,1
692,FinalData/Images/Barry Sinclair_M_55.jpg,1
693,FinalData/Images/Mike Shrimpton_M_59.jpg,1
694,FinalData/Images/Bob Cunis_M_52.jpg,1
695,FinalData/Images/Roy Harford_M_56.jpg,1
696,FinalData/Images/Bryan Andrews_M_49.jpg,1
697,FinalData/Images/Anwar Hussain_M_41.jpg,1
698,FinalData/Images/Imtiaz Ahmed_M_45.jpg,1
699,FinalData/Images/Khan Mohammad_M_45.jpg,1
700,FinalData/Images/Mahmood Hussain_M_44.jpg,1
701,FinalData/Images/Miran Bakhsh_M_43.jpg,1
702,FinalData/Images/Aslam Khokhar_M_44.jpg,1
703,FinalData/Images/Ijaz Butt_M_68.jpg,1
704,FinalData/Images/Javed Akhtar_M_47.jpg,1
705,FinalData/Images/Shafqat Rana_M_64.jpg,1
706,FinalData/Images/Naushad Ali_M_48.jpg,1
707,FinalData/Images/Salahuddin_M_59.jpg,1
708,FinalData/Images/Talat Ali_M_54.jpg,1
709,FinalData/Images/Farrukh Zaman_M_44.jpg,1
710,FinalData/Images/Masood Anwar_M_50.jpg,1
711,FinalData/Images/Ali Naqvi_M_41.jpg,1
712,FinalData/Images/Shakeel Ahmed_M_42.jpg,1
713,FinalData/Images/Charles Bannerman_M_47.jpg,1
714,FinalData/Images/Jack Blackham_M_44.jpg,1
715,FinalData/Images/Dave Gregory_M_50.jpg,1
716,FinalData/Images/Tom Kendall_M_50.jpg,1
717,FinalData/Images/Harry Boyle_M_52.jpg,1
718,FinalData/Images/George Alexander_M_44.jpg,1
719,FinalData/Images/George Bonnor_M_45.jpg,1
720,FinalData/Images/Percy McDonnell_M_50.jpg,1
721,FinalData/Images/Joey Palmer_M_42.jpg,1
722,FinalData/Images/Hugh Massie_M_44.jpg,1
723,FinalData/Images/George Giffen_M_46.jpg,1
724,FinalData/Images/George Coulthard_M_48.jpg,1
725,FinalData/Images/Tup Scott_M_44.jpg,1
726,FinalData/Images/Sam Morris_M_55.jpg,1
727,FinalData/Images/Harry Musgrove_M_50.jpg,1
728,FinalData/Images/Charlie Turner_M_44.jpg,1
729,FinalData/Images/John Lyons_M_45.jpg,1
730,FinalData/Images/Walter Giffen_M_44.jpg,1
731,FinalData/Images/Kenny Burn_M_44.jpg,1
732,FinalData/Images/Harry Trott_M_44.jpg,1
733,FinalData/Images/Syd Gregory_M_42.jpg,1
734,FinalData/Images/Hugh Trumble_M_45.jpg,1
735,FinalData/Images/Frank Iredale_M_54.jpg,1
736,FinalData/Images/Ernie Jones_M_49.jpg,1
737,FinalData/Images/John Reedman_M_48.jpg,1
738,FinalData/Images/Charlie McLeod_M_52.jpg,1
739,FinalData/Images/Arthur Coningham_M_48.jpg,1
740,FinalData/Images/Tom McKibbin_M_53.jpg,1
741,FinalData/Images/Bill Howell_M_50.jpg,1
742,FinalData/Images/Warwick Armstrong_M_55.jpg,1
743,FinalData/Images/Jack Saunders_M_41.jpg,1
744,FinalData/Images/Sammy Carter_M_44.jpg,1
745,FinalData/Images/Jack O Connor_M_48.jpg,1
746,FinalData/Images/Warren Bardsley_M_49.jpg,1
747,FinalData/Images/Charles Kelleway_M_47.jpg,1
748,FinalData/Images/Jimmy Matthews_M_48.jpg,1
749,FinalData/Images/Jack Gregory_M_44.jpg,1
750,FinalData/Images/Herbie Collins_M_67.jpg,1
751,FinalData/Images/Nip Pellew_M_70.jpg,1
752,FinalData/Images/Bert Oldfield_M_42.jpg,1
753,FinalData/Images/Jack Ryder_M_48.jpg,1
754,FinalData/Images/Ted McDonald_M_43.jpg,1
755,FinalData/Images/Bill Ponsford_M_44.jpg,1
756,FinalData/Images/Vic Richardson_M_44.jpg,1
757,FinalData/Images/Arthur Richardson_M_58.jpg,1
758,FinalData/Images/Otto Nothling_M_54.jpg,1
759,FinalData/Images/Don Blackie_M_64.jpg,1
760,FinalData/Images/Archie Jackson_M_46.jpg,1
761,FinalData/Images/Alan Fairfax_M_42.jpg,1
762,FinalData/Images/Alec Hurwood_M_44.jpg,1
763,FinalData/Images/Perker Lee_M_45.jpg,1
764,FinalData/Images/Lisle Nagel_M_48.jpg,1
765,FinalData/Images/Bill OReilly_M_44.jpg,1
766,FinalData/Images/Leo O Brien_M_48.jpg,1
767,FinalData/Images/Hammy Love_M_49.jpg,1
768,FinalData/Images/Harry Alexander_M_41.jpg,1
769,FinalData/Images/Morris Sievers_M_58.jpg,1
770,FinalData/Images/Frank Ward_M_68.jpg,1
771,FinalData/Images/Sid Barnes_M_44.jpg,1
772,FinalData/Images/Ray Lindwall_M_48.jpg,1
773,FinalData/Images/Arthur Morris_M_58.jpg,1
774,FinalData/Images/George Tribe_M_48.jpg,1
775,FinalData/Images/Ernie Toshack_M_44.jpg,1
776,FinalData/Images/Bruce Dooland_M_44.jpg,1
777,FinalData/Images/Doug Ring_M_48.jpg,1
778,FinalData/Images/Geff Noblet_M_44.jpg,1
779,FinalData/Images/Jack Moroney_M_50.jpg,1
780,FinalData/Images/Jack Iverson_M_48.jpg,1
781,FinalData/Images/Jim Burke_M_47.jpg,1
782,FinalData/Images/Gil Langley_M_44.jpg,1
783,FinalData/Images/George Thoms_M_48.jpg,1
784,FinalData/Images/Jack Hill_M_44.jpg,1
785,FinalData/Images/Jim de Courcy_M_43.jpg,1
786,FinalData/Images/Peter Burge_M_66.jpg,1
787,FinalData/Images/Ken Mackay_M_52.jpg,1
788,FinalData/Images/Norm ONeill_M_44.jpg,1
789,FinalData/Images/David Sincock_M_57.jpg,1
790,FinalData/Images/Grahame Thomas_M_67.jpg,1
791,FinalData/Images/Paul Hibbert_M_45.jpg,1
792,FinalData/Images/Jim Higgs_M_54.jpg,1
793,FinalData/Images/Trevor Hohns_M_51.jpg,1
794,FinalData/Images/Wayne Phillips_M_48.jpg,1
795,FinalData/Images/Shaun Young_M_46.jpg,1
796,FinalData/Images/Peter McIntyre_M_44.jpg,1
797,FinalData/Images/Colin Miller_M_48.jpg,1
798,FinalData/Images/Baron Constantine_M_53.jpg,1
799,FinalData/Images/George Challenor_M_56.jpg,1
800,FinalData/Images/Herman Griffith_M_47.jpg,1
801,FinalData/Images/Karl Nunes_M_44.jpg,1
802,FinalData/Images/Clifford Roach_M_44.jpg,1
803,FinalData/Images/Vibart Wight_M_40.jpg,1
804,FinalData/Images/Puss Achong_M_43.jpg,1
805,FinalData/Images/Foffie Williams_M_43.jpg,1
806,FinalData/Images/Robert Christiani_M_42.jpg,1
807,FinalData/Images/Sir Everton Weekes_M_58.jpg,1
808,FinalData/Images/Esmond Kentish_M_43.jpg,1
809,FinalData/Images/Gerry Alexander_M_41.jpg,1
810,FinalData/Images/John Shepherd_M_48.jpg,1
811,FinalData/Images/Jack Noreiga_M_42.jpg,1
812,FinalData/Images/Raphick Jumadeen_M_56.jpg,1
813,FinalData/Images/Rangy Nanan_M_44.jpg,1
814,FinalData/Images/Clyde Butts_M_55.jpg,1
815,FinalData/Images/Suruj Ragoonath_M_50.jpg,1
816,FinalData/Images/Gareth Breese_M_40.jpg,1
817,FinalData/Images/Peter Ingram_M_40.jpg,1
818,FinalData/Images/Gerard Brophy_M_41.jpg,1
819,FinalData/Images/Matt Walker_M_41.jpg,1
820,FinalData/Images/Callum Thorp_M_42.jpg,1
821,FinalData/Images/Neil Killeen_M_42.jpg,1
822,FinalData/Images/James Middlebrook_M_43.jpg,1
823,FinalData/Images/David Lucas_M_41.jpg,1
824,FinalData/Images/David Sales_M_42.jpg,1
825,FinalData/Images/Ant Botha_M_40.jpg,1
826,FinalData/Images/Alan Richardson_M_42.jpg,1
827,FinalData/Images/Ben Smith_M_47.jpg,1
828,FinalData/Images/Gary Keedy_M_40.jpg,1
829,FinalData/Images/Mark Chilton_M_40.jpg,1
830,FinalData/Images/Luke Sutton_M_40.jpg,1
831,FinalData/Images/Rahul Sharma_M_51.jpg,1
832,FinalData/Images/Nasir Hameed_M_43.jpg,1
833,FinalData/Images/Ali Asad_M_41.jpg,1
834,FinalData/Images/Sultan Zarawani_M_57.jpg,1
835,FinalData/Images/Shahzad Altaf_M_49.jpg,1
836,FinalData/Images/Saeed-al-Saffar_M_40.jpg,1
837,FinalData/Images/Saleem Raza_M_44.jpg,1
838,FinalData/Images/Raqibul Hasan_M_49.jpg,1
839,FinalData/Images/Clyde Duncan_M_48.jpg,1
840,FinalData/Images/Gamini Silva_M_57.jpg,1
841,FinalData/Images/Gary Baxter_M_59.jpg,1
842,FinalData/Images/Billy Bowden_M_45.jpg,1
843,FinalData/Images/Bruce Oxenford_M_52.jpg,1
844,FinalData/Images/Marais Erasmus_M_48.jpg,1
845,FinalData/Images/Billy Doctrove_M_51.jpg,1
846,FinalData/Images/Rudi Koertzen_M_68.jpg,1
847,FinalData/Images/Asad Rauf_M_49.jpg,1
848,FinalData/Images/Daryl Harper_M_51.jpg,1
849,FinalData/Images/Steve Davis_M_59.jpg,1
850,FinalData/Images/Peter Hartley_M_55.jpg,1
851,FinalData/Images/Sanjay Hazare_M_57.jpg,1
852,FinalData/Images/Amiesh Saheba_M_47.jpg,1
853,FinalData/Images/Steve Bucknor_M_50.jpg,1
854,FinalData/Images/Nadir Shah_M_44.jpg,1
855,FinalData/Images/Subhash Modi_M_50.jpg,1
856,FinalData/Images/Brian Jerling_M_57.jpg,1
857,FinalData/Images/Tony Hill_M_58.jpg,1
858,FinalData/Images/Niels Bagh_M_49.jpg,1
859,FinalData/Images/Chris Gaffaney_M_42.jpg,1
860,FinalData/Images/Karran Bayney_M_50.jpg,1
861,FinalData/Images/Kevan Barbour_M_58.jpg,1
862,FinalData/Images/Darrell Hair_M_58.jpg,1
863,FinalData/Images/Peter Parker_M_49.jpg,1
864,FinalData/Images/Rockie DMello_M_49.jpg,1
865,FinalData/Images/Simon Taufel_M_44.jpg,1
866,FinalData/Images/Ian Howell_M_53.jpg,1
867,FinalData/Images/Suresh Shastri_M_40.jpg,1
868,FinalData/Images/John Holder_M_49.jpg,1
869,FinalData/Images/Allan Jones_M_60.jpg,1
870,FinalData/Images/Russell Tiffin_M_59.jpg,1
871,FinalData/Images/Krishna Hariharan_M_63.jpg,1
872,FinalData/Images/Shahul Hameed_M_46.jpg,1
873,FinalData/Images/Arani Jayaprakash_M_69.jpg,1
874,FinalData/Images/Karl Hurter_M_55.jpg,1
875,FinalData/Images/Jeremy Lloyds_M_63.jpg,1
876,FinalData/Images/Doug Cowie_M_49.jpg,1
877,FinalData/Images/Peter Manuel_M_56.jpg,1
878,FinalData/Images/David Orchard_M_58.jpg,1
879,FinalData/Images/David Constant_M_63.jpg,1
880,FinalData/Images/Ian Robinson_M_51.jpg,1
881,FinalData/Images/Barry Dudleston_M_53.jpg,1
882,FinalData/Images/Nandasena Pathirana_M_58.jpg,1
883,FinalData/Images/Lalith Jayasundara_M_56.jpg,1
884,FinalData/Images/Wilf Diedricks_M_59.jpg,1
885,FinalData/Images/Bob Parry_M_47.jpg,1
886,FinalData/Images/Sameer Bandekar_M_45.jpg,1
887,FinalData/Images/Steve Dunne_M_61.jpg,1
888,FinalData/Images/K.T.Francis_M_51.jpg,1
889,FinalData/Images/B.C. Cooray_M_49.jpg,1
890,FinalData/Images/Saleem Badar_M_43.jpg,1
891,FinalData/Images/Ray Julian_M_68.jpg,1
892,FinalData/Images/Mervyn Kitchen_M_65.jpg,1
893,FinalData/Images/Vinayak Kulkarni_M_57.jpg,1
894,FinalData/Images/Dave Quested_M_44.jpg,1
895,FinalData/Images/V.K.Ramaswamy_M_56.jpg,1
896,FinalData/Images/Francis Gomes_M_54.jpg,1
897,FinalData/Images/Devinder Sharma_M_50.jpg,1
898,FinalData/Images/GA Pratapkumar_M_43.jpg,1
899,FinalData/Images/Clancy Mack_M_54.jpg,1
900,FinalData/Images/George Sharp_M_69.jpg,1
901,FinalData/Images/KS Giridharan_M_53.jpg,1
902,FinalData/Images/Ignatius Anandappa_M_58.jpg,1
903,FinalData/Images/Sankara Dendapani_M_45.jpg,1
904,FinalData/Images/Sudhir Asnani_M_57.jpg,1
905,FinalData/Images/Steve Randell_M_59.jpg,1
906,FinalData/Images/Roy Palmer_M_65.jpg,1
907,FinalData/Images/Afzaal Ahmed_M_41.jpg,1
908,FinalData/Images/Sekhon_M_49.jpg,1
909,FinalData/Images/Nigel Plews_M_65.jpg,1
910,FinalData/Images/Dickie Bird_M_58.jpg,1
911,FinalData/Images/Bill Sheahan_M_58.jpg,1
912,FinalData/Images/Shakoor Rana_M_56.jpg,1
913,FinalData/Images/Ric Evans_M_61.jpg,1
914,FinalData/Images/Piloo Reporter_M_68.jpg,1
915,FinalData/Images/Dick French_M_64.jpg,1
916,FinalData/Images/Mel Johnson_M_58.jpg,1
917,FinalData/Images/Dara Dotiwalla_M_68.jpg,1
918,FinalData/Images/Bill Alley_M_58.jpg,1
919,FinalData/Images/David Evans_M_61.jpg,1
920,FinalData/Images/Stanton Parris_M_67.jpg,1
921,FinalData/Images/Barrie Leadbeater_M_61.jpg,1
922,FinalData/Images/Herbi Felsinger_M_61.jpg,1
923,FinalData/Images/Selliah Ponnadurai_M_61.jpg,1
924,FinalData/Images/Kevin Carmody_M_52.jpg,1
925,FinalData/Images/Peter Cronin_M_58.jpg,1
926,FinalData/Images/Douglas Sang Hue_M_51.jpg,1
927,FinalData/Images/Frank Chester_M_68.jpg,1
928,FinalData/Images/Frank Lee_M_44.jpg,1
929,FinalData/Images/Col Egar_M_50.jpg,1
930,FinalData/Images/George Allsop_M_56.jpg,1
931,FinalData/Images/Jim Phillips_M_49.jpg,1
932,FinalData/Images/Harry Chidgey_M_65.jpg,1
933,FinalData/Images/Billy Bestwick_M_56.jpg,1
934,FinalData/Images/Rod Tucker_M_45.jpg,1
935,FinalData/Images/Tyron Wijewardene_M_41.jpg,1
936,FinalData/Images/Evan Watkin_M_58.jpg,1
937,FinalData/Images/Zameer Haider_M_54.jpg,1
938,FinalData/Images/Shavir Tarapore_M_48.jpg,1
939,FinalData/Images/Ian Ramage_M_44.jpg,1
940,FinalData/Images/Isaac Oyieko_M_41.jpg,1
941,FinalData/Images/Zafar Iqbal_M_44.jpg,1
942,FinalData/Images/Siddiq Khan_M_45.jpg,1
943,FinalData/Images/Tom Spencer_M_65.jpg,1
944,FinalData/Images/Alan Mackley_M_43.jpg,1
945,FinalData/Images/Bob Thoms_M_57.jpg,1
946,FinalData/Images/Ranmore Martinesz_M_45.jpg,1
947,FinalData/Images/Barry Frost_M_54.jpg,1
948,FinalData/Images/Norm McNamara_M_44.jpg,1
949,FinalData/Images/Graham Burgess_M_49.jpg,1
950,FinalData/Images/Lalji Bhudia_M_50.jpg,1
951,FinalData/Images/Richard Patterson_M_45.jpg,1
952,FinalData/Images/John Smeaton_M_55.jpg,1
953,FinalData/Images/Geoff Morrow_M_51.jpg,1
954,FinalData/Images/Farid Malik_M_46.jpg,1
955,FinalData/Images/Anil Sarkar_M_50.jpg,1
956,FinalData/Images/David Jukes_M_52.jpg,1
957,FinalData/Images/Ahmed Ebrahim_M_51.jpg,1
958,FinalData/Images/Dev Govindjee_M_70.jpg,1
959,FinalData/Images/Howard Gardiner_M_44.jpg,1
960,FinalData/Images/Geoff Joshua_M_46.jpg,1
961,FinalData/Images/Rohitha Kottahachchi_M_45.jpg,1
962,FinalData/Images/David Millns_M_52.jpg,1
963,FinalData/Images/Gamini Dissanayake_M_48.jpg,1
964,FinalData/Images/SH Sarathkumara_M_58.jpg,1
965,FinalData/Images/Sena Nandiweera_M_44.jpg,1
966,FinalData/Images/Grashan Liyanage_M_42.jpg,1
967,FinalData/Images/Willem Molenaar_M_61.jpg,1
968,FinalData/Images/Jim McClymont_M_63.jpg,1
969,FinalData/Images/Mark Hawthorne_M_50.jpg,1
970,FinalData/Images/Neil Bainton_M_45.jpg,1
971,FinalData/Images/Steve Garratt_M_58.jpg,1
972,FinalData/Images/Mick Martell_M_44.jpg,1
973,FinalData/Images/Kevin Manley_M_49.jpg,1
974,FinalData/Images/Jeff Evans_M_55.jpg,1
975,FinalData/Images/Simon Fry_M_40.jpg,1
976,FinalData/Images/Fidel Jaary_M_52.jpg,1
977,FinalData/Images/Tariq Butt_M_51.jpg,1
978,FinalData/Images/John Ward_M_43.jpg,1
979,FinalData/Images/Ian Lock_M_48.jpg,1
980,FinalData/Images/Jagath Nandakumar_M_47.jpg,1
981,FinalData/Images/Ishantha Deepal Gunawardene_M_48.jpg,1
982,FinalData/Images/Charlie McElwee_M_69.jpg,1
983,FinalData/Images/Robert Anderson_M_58.jpg,1
984,FinalData/Images/Nigel Cowley_M_66.jpg,1
985,FinalData/Images/Jeff Brookes_M_43.jpg,1
986,FinalData/Images/Jeremy Busby_M_44.jpg,1
987,FinalData/Images/Glenn Holdem_M_50.jpg,1
988,FinalData/Images/Martin Bodenham_M_58.jpg,1
989,FinalData/Images/Keith Coburn_M_50.jpg,1
990,FinalData/Images/Bruce Bennett_M_56.jpg,1
991,FinalData/Images/Norton Fredrick_M_64.jpg,1
992,FinalData/Images/Andy Hicks_M_42.jpg,1
993,FinalData/Images/Steve Malone_M_55.jpg,1
994,FinalData/Images/Stephen Gale_M_58.jpg,1
995,FinalData/Images/Steve OShaughnessy_M_45.jpg,1
996,FinalData/Images/Allan Eastwood_M_40.jpg,1
997,FinalData/Images/Bevan Griggs_M_40.jpg,1
998,FinalData/Images/Mark Cleary_M_40.jpg,1
999,FinalData/Images/Joel Wilson_M_44.jpg,1
1000,FinalData/Images/Darren Stevens_M_42.jpg,1
1001,FinalData/Images/Peter Moores_M_42.jpg,1
1002,FinalData/Images/Zahid Hussain_M_41.jpg,1
1003,FinalData/Images/Aizaz Cheema_M_40.jpg,1
1004,FinalData/Images/Mark Eggleston_M_51.jpg,1
1005,FinalData/Images/Bart Hartong_M_43.jpg,1
1006,FinalData/Images/Mithali Raj_F_29.jpg,0
1007,FinalData/Images/Jhulan Goswami_F_33.jpg,0
1008,FinalData/Images/Harmanpreet Kaur_F_20.jpg,0
1009,FinalData/Images/Ekta Bisht_F_29.jpg,0
1010,FinalData/Images/Mona Meshram_F_27.jpg,0
1011,FinalData/Images/Merissa Aguilleira_F_31.jpg,0
1012,FinalData/Images/Punam Raut_F_22.jpg,0
1013,FinalData/Images/Deandra Dottin_F_24.jpg,0
1014,FinalData/Images/Anisa Mohammed_F_30.jpg,0
1015,FinalData/Images/Kyshona Knight_F_26.jpg,0
1016,FinalData/Images/Stafanie Taylor_F_27.jpg,0
1017,FinalData/Images/Shanel Daley_F_21.jpg,0
1018,FinalData/Images/Shakera Selman_F_29.jpg,0
1019,FinalData/Images/Rachael Haynes_F_32.jpg,0
1020,FinalData/Images/Julie Hunter_F_34.jpg,0
1021,FinalData/Images/Erin Osborne_F_31.jpg,0
1022,FinalData/Images/Megan Schutt_F_25.jpg,0
1023,FinalData/Images/Elyse Villani_F_28.jpg,0
1024,FinalData/Images/Alyssa Healy_F_30.jpg,0
1025,FinalData/Images/Alex Blackwell_F_35.jpg,0
1026,FinalData/Images/Holly Ferling_F_22.jpg,0
1027,FinalData/Images/Meg Lanning_F_26.jpg,0
1028,FinalData/Images/Ellyse Perry_F_25.jpg,0
1029,FinalData/Images/Sana Mir_F_30.jpg,0
1030,FinalData/Images/Javeria Khan_F_29.jpg,0
1031,FinalData/Images/Nain Abidi_F_32.jpg,0
1032,FinalData/Images/Bismah Maroof_F_26.jpg,0
1033,FinalData/Images/Sadia Yousuf_F_29.jpg,0
1034,FinalData/Images/Asmavia Iqbal_F_30.jpg,0
1035,FinalData/Images/Diana Baig_F_25.jpg,0
1036,FinalData/Images/Nahida Khan_F_32.jpg,0
1037,FinalData/Images/Nida Dar_F_31.jpg,0
1038,FinalData/Images/Danielle Hazell_F_29.jpg,0
1039,FinalData/Images/Anya Shrubsole_F_26.jpg,0
1040,FinalData/Images/Heather Knight_F_27.jpg,0
1041,FinalData/Images/Tammy Beaumont_F_27.jpg,0
1042,FinalData/Images/Danielle Wyatt_F_28.jpg,0
1043,FinalData/Images/Amy Ellen Jones_F_23.jpg,0
1044,FinalData/Images/Jenny Gunn_F_32.jpg,0
1045,FinalData/Images/Sarah Taylor_F_31.jpg,0
1046,FinalData/Images/Katherine Brunt_F_30.jpg,0
1047,FinalData/Images/Georgia Elwiss_F_28.jpg,0
1048,FinalData/Images/Chamari Athapaththu_F_29.jpg,0
1049,FinalData/Images/Laura Marsh_F_31.jpg,0
1050,FinalData/Images/Shashikala Siriwardene_F_32.jpg,0
1051,FinalData/Images/Udeshika Prabodhani_F_31.jpg,0
1052,FinalData/Images/Sripali Weerakkody_F_32.jpg,0
1053,FinalData/Images/Inoka Ranaweera_F_30.jpg,0
1054,FinalData/Images/Dilani Manodara_F_33.jpg,0
1055,FinalData/Images/Oshadi Ranasinghe_F_30.jpg,0
1056,FinalData/Images/Prasadani Weerakkody_F_31.jpg,0
1057,FinalData/Images/Suzie Bates_F_33.jpg,0
1058,FinalData/Images/Sophie Devine_F_29.jpg,0
1059,FinalData/Images/Katie Perkins_F_30.jpg,0
1060,FinalData/Images/Lea Tahuhu_F_28.jpg,0
1061,FinalData/Images/Kate Broadmore_F_27.jpg,0
1062,FinalData/Images/Amy Satterthwaite_F_25.jpg,0
1063,FinalData/Images/Rachel Priest_F_32.jpg,0
1064,FinalData/Images/Mignon du Preez_F_29.jpg,0
1065,FinalData/Images/Dane van Niekerk_F_26.jpg,0
1066,FinalData/Images/Marizanne Kapp_F_28.jpg,0
1067,FinalData/Images/Shabnim Ismail_F_31.jpg,0
1068,FinalData/Images/Trisha Chetty_F_30.jpg,0
1069,FinalData/Images/Chloe Tryon_F_26.jpg,0
1070,FinalData/Images/Marcia Letsoalo_F_33.jpg,0
1071,FinalData/Images/Sune Luus_F_23.jpg,0
1072,FinalData/Images/Iram Javed_F_28.jpg,0
1073,FinalData/Images/Natalie Sciver_F_26.jpg,0
1074,FinalData/Images/Marina Iqbal_F_32.jpg,0
1075,FinalData/Images/Natasha Farrant_F_22.jpg,0
1076,FinalData/Images/Lauren Winfield_F_30.jpg,0
1077,FinalData/Images/Beth Langston_F_26.jpg,0
1078,FinalData/Images/Isobel Joyce_F_35.jpg,0
1079,FinalData/Images/Kim Garth_F_22.jpg,0
1080,FinalData/Images/Gemma Triscari_F_28.jpg,0
1081,FinalData/Images/Jess Jonassen_F_28.jpg,0
1082,FinalData/Images/Moseline Daniels_F_28.jpg,0
1083,FinalData/Images/Lizelle Lee_F_26.jpg,0
1084,FinalData/Images/Chandima Gunaratne_F_27.jpg,0
1085,FinalData/Images/Nicole Bolton_F_31.jpg,0
1086,FinalData/Images/Rene Farrell_F_29.jpg,0
1087,FinalData/Images/Kate Cross_F_25.jpg,0
1088,FinalData/Images/Delissa Kimmince_F_30.jpg,0
1089,FinalData/Images/Beth Mooney_F_24.jpg,0
1090,FinalData/Images/Holly Huddleston_F_32.jpg,0
1091,FinalData/Images/Maddy Green_F_26.jpg,0
1092,FinalData/Images/Hayley Jensen_F_26.jpg,0
1093,FinalData/Images/Katey Martin_F_31.jpg,0
1094,FinalData/Images/Anam Amin_F_28.jpg,0
1095,FinalData/Images/Smriti Mandhana_F_24.jpg,0
1096,FinalData/Images/Hasini Perera_F_23.jpg,0
1097,FinalData/Images/Poonam Yadav_F_27.jpg,0
1098,FinalData/Images/Shikha Pandey_F_29.jpg,0
1099,FinalData/Images/Rajeshwari Gayakwad_F_27.jpg,0
1100,FinalData/Images/Sushma Verma_F_26.jpg,0
1101,FinalData/Images/Anuja Patil_F_26.jpg,0
1102,FinalData/Images/Veda Krishnamurthy_F_26.jpg,0
1103,FinalData/Images/Deepti Sharma_F_21.jpg,0
1104,FinalData/Images/Shamilia Connell_F_27.jpg,0
1105,FinalData/Images/Afy Fletcher_F_32.jpg,0
1106,FinalData/Images/Hayley Matthews_F_20.jpg,0
1107,FinalData/Images/Kristen Beams_F_32.jpg,0
1108,FinalData/Images/Masabata Klaas_F_28.jpg,0
1109,FinalData/Images/Ama Kanchana_F_27.jpg,0
1110,FinalData/Images/Eshani Lokusuriyage_F_34.jpg,0
1111,FinalData/Images/Leigh Kasperek_F_26.jpg,0
1112,FinalData/Images/Hannah Rowe_F_24.jpg,0
1113,FinalData/Images/Chedean Nation_F_30.jpg,0
1114,FinalData/Images/Anna Peterson_F_29.jpg,0
1115,FinalData/Images/Nahida Akter_F_18.jpg,0
1116,FinalData/Images/Rumana Ahmed_F_28.jpg,0
1117,FinalData/Images/Salma Khatun_F_28.jpg,0
1118,FinalData/Images/Sidra Nawaz_F_23.jpg,0
1119,FinalData/Images/Nicola Carey_F_25.jpg,0
1120,FinalData/Images/ Alex Hartley_F_27.jpg,0
1121,FinalData/Images/Sophie Ecclestone_F_19.jpg,0
1122,FinalData/Images/Amelia Kerr_F_20.jpg,0
1123,FinalData/Images/Ayesha Zafar_F_25.jpg,0
1124,FinalData/Images/Nuzhat Parween_F_22.jpg,0
1125,FinalData/Images/Mansi Joshi_F_27.jpg,0
1126,FinalData/Images/Tahlia McGrath_F_24.jpg,0
1127,FinalData/Images/Sarah Aley_F_34.jpg,0
1128,FinalData/Images/Ashleigh Gardner_F_21.jpg,0
1129,FinalData/Images/Emma Inglis_F_30.jpg,0
1130,FinalData/Images/Anna Lanning_F_24.jpg,0
1131,FinalData/Images/Sophie Molineux_F_20.jpg,0
1132,FinalData/Images/Georgia Wareham_F_21.jpg,0
1133,FinalData/Images/Tegan McPharlin_F_31.jpg,0
1134,FinalData/Images/Katie-Jane Hartshorn_F_24.jpg,0
1135,FinalData/Images/Chloe Piparo_F_24.jpg,0
1136,FinalData/Images/Emma King_F_26.jpg,0
1137,FinalData/Images/Samantha Betts_F_22.jpg,0
1138,FinalData/Images/Bridget Patterson_F_24.jpg,0
1139,FinalData/Images/Alex Price_F_23.jpg,0
1140,FinalData/Images/Jemma Barsby_F_23.jpg,0
1141,FinalData/Images/Courtney Hill_F_30.jpg,0
1142,FinalData/Images/Kara Sutherland_F_27.jpg,0
1143,FinalData/Images/Kirby Short_F_32.jpg,0
1144,FinalData/Images/Erin Burns_F_31.jpg,0
1145,FinalData/Images/Sammy-Jo Johnson_F_28.jpg,0
1146,FinalData/Images/Katelyn Fryett_F_26.jpg,0
1147,FinalData/Images/Haidee Birkett_F_22.jpg,0
1148,FinalData/Images/Corinne Hall_F_31.jpg,0
1149,FinalData/Images/Stefanie Daffara_F_24.jpg,0
1150,FinalData/Images/Brooke Hepburn_F_30.jpg,0
1151,FinalData/Images/Claire Koski_F_27.jpg,0
1152,FinalData/Images/Maitlan Brown_F_22.jpg,0
1153,FinalData/Images/Georgia Redmayne_F_24.jpg,0
1154,FinalData/Images/Molly Strano_F_27.jpg,0
1155,FinalData/Images/Samantha Bates_F_28.jpg,0
1156,FinalData/Images/Tabatha Saville_F_27.jpg,0
1157,FinalData/Images/Ghulam Fatima_F_25.jpg,0
1158,FinalData/Images/Nashra Sandhu_F_22.jpg,0
1159,FinalData/Images/Kainat Imtiaz_F_26.jpg,0
1160,FinalData/Images/Waheeda Akhtar_F_25.jpg,0
1161,FinalData/Images/Raisibe Ntozakhe_F_21.jpg,0
1162,FinalData/Images/Nadine de Klerk_F_18.jpg,0
1163,FinalData/Images/Felicia Walters_F_28.jpg,0
1164,FinalData/Images/Qiana Joseph_F_17.jpg,0
1165,FinalData/Images/Reniece Boyce_F_21.jpg,0
1166,FinalData/Images/Akeira Peters_F_27.jpg,0
1167,FinalData/Images/Bryony Smith_F_20.jpg,0
1168,FinalData/Images/Alice Davidson Richards_F_24.jpg,0
1169,FinalData/Images/Mohammad Boota_M_45.jpg,1
1170,FinalData/Images/Chloe Rafferty_F_32.jpg,0
1171,FinalData/Images/Erin Fazackerley_F_20.jpg,0
1172,FinalData/Images/Clara Iemma_F_27.jpg,0
1173,FinalData/Images/Nicola Hancock_F_24.jpg,0
1174,FinalData/Images/Annie O Neil_F_33.jpg,0
1175,FinalData/Images/Tayla Vlaeminck_F_20.jpg,0
1176,FinalData/Images/Rhiann O Donnell_F_20.jpg,0
1177,FinalData/Images/Hannah Darlington_F_31.jpg,0
1178,FinalData/Images/Jemimah Rodrigues_F_20.jpg,0
1179,FinalData/Images/mary-waldron_F_27.jpg,0
1180,FinalData/Images/elyse-villani_F_28.jpg,0
1181,FinalData/Images/sushma-verma_F_27.jpg,0
1182,FinalData/Images/tayla-vlaeminck_F_20.jpg,0
1183,FinalData/Images/pooja-vastrakar_F_20.jpg,0
1184,FinalData/Images/vr-vanitha_F_30.jpg,0
1185,FinalData/Images/dane-van-niekerk_F_27.jpg,0
1186,FinalData/Images/georgia-wareham_F_20.jpg,0
1187,FinalData/Images/belinda-vakarewa_F_20.jpg,0
1188,FinalData/Images/chloe-tryon_F_25.jpg,0
1189,FinalData/Images/gemma-triscari_F_28.jpg,0
1190,FinalData/Images/rebeca-vandort_F_24.jpg,0
1191,FinalData/Images/md-thirushkamini_F_30.jpg,0
1192,FinalData/Images/sarah-taylor_F_28.jpg,0
1193,FinalData/Images/hannah-trethewy_F_23.jpg,0
1194,FinalData/Images/emma-thompson_F_27.jpg,0
1195,FinalData/Images/rachel-trenaman_F_17.jpg,0
1196,FinalData/Images/jenny-taffs_F_23.jpg,0
1197,FinalData/Images/stafanie-taylor_F_27.jpg,0
1198,FinalData/Images/shamima-sultana_F_24.jpg,0
1199,FinalData/Images/molly-strano_F_26.jpg,0
1200,FinalData/Images/rebecca-stokell_F_20.jpg,0
1201,FinalData/Images/nigar-sultana_F_21.jpg,0
1202,FinalData/Images/sharmin-akter-supta_F_22.jpg,0
1203,FinalData/Images/andrie-steyn_F_22.jpg,0
1204,FinalData/Images/omaima-sohail_F_21.jpg,0
1205,FinalData/Images/linsey-smith_F_23.jpg,0
1206,FinalData/Images/emily-smith_F_23.jpg,0
1207,FinalData/Images/naomi-stalenberg_F_23.jpg,0
1208,FinalData/Images/shashikala-siriwardena_F_33.jpg,0
1209,FinalData/Images/lauren-smith_F_22.jpg,0
1210,FinalData/Images/anya-shrubsole_F_21.jpg,0
1211,FinalData/Images/sneh-rana_F_33.jpg,0
1212,FinalData/Images/kara-sutherland_F_25.jpg,0
1213,FinalData/Images/kirby-short_F_30.jpg,0
1214,FinalData/Images/clare-shillington_F_27.jpg,0
1215,FinalData/Images/annabel-sutherland_F_17.jpg,0
1216,FinalData/Images/deepti-sharma_F_21.jpg,0
1217,FinalData/Images/natalie-sciver_F_22.jpg,0
1218,FinalData/Images/tumi-sekhukhune_F_20.jpg,0
1219,FinalData/Images/robyn-searle_F_21.jpg,0
1220,FinalData/Images/tabatha-saville_F_20.jpg,0
1221,FinalData/Images/megan-schutt_F_25.jpg,0
1222,FinalData/Images/hannah-rowe_F_21.jpg,0
1223,FinalData/Images/jemimah-rodrigues_F_18.jpg,0
1224,FinalData/Images/nashra-sandhu_F_20.jpg,0
1225,FinalData/Images/eimear-richardson_F_32.jpg,0
1226,FinalData/Images/amy-satterthwaite_F_29.jpg,0
1227,FinalData/Images/georgia-redmayne_F_24.jpg,0
1228,FinalData/Images/arundhati-reddy_F_21.jpg,0
1229,FinalData/Images/aliya-riaz_F_24.jpg,0
1230,FinalData/Images/oshadi-ranasinghe_F_20.jpg,0
1231,FinalData/Images/angela-reakes_F_27.jpg,0
1232,FinalData/Images/ayasha-rahman_F_26.jpg,0
1233,FinalData/Images/celeste-raack_F_24.jpg,0
1234,FinalData/Images/inoka-ranaweera_F_32.jpg,0
1235,FinalData/Images/mithali-raj_F_35.jpg,0
1236,FinalData/Images/shakera-selman_F_22.jpg,0
1237,FinalData/Images/udeshika-prabodani_F_33.jpg,0
1238,FinalData/Images/alex-price_F_23.jpg,0
1239,FinalData/Images/inoshi-priyadarshani_F_31.jpg,0
1240,FinalData/Images/natalie-plane_F_22.jpg,0
1241,FinalData/Images/georgia-prestwidge_F_20.jpg,0
1242,FinalData/Images/meg-phillips_F_24.jpg,0
1243,FinalData/Images/chloe-piparo_F_23.jpg,0
1244,FinalData/Images/shaquana-quintyne_F_22.jpg,0
1245,FinalData/Images/anna-peterson_F_28.jpg,0
1246,FinalData/Images/akeira-peters_F_18.jpg,0
1247,FinalData/Images/taneale-peschel_F_26.jpg,0
1248,FinalData/Images/natalia-parvaiz_F_24.jpg,0
1249,FinalData/Images/shaila-sharmin_F_20.jpg,0
1250,FinalData/Images/brittany-perry_F_25.jpg,0
1251,FinalData/Images/elizabeth-perry_F_29.jpg,0
1252,FinalData/Images/hasini-perera_F_23.jpg,0
1253,FinalData/Images/katie-perkins_F_21.jpg,0
1254,FinalData/Images/shikha-pandey_F_31.jpg,0
1255,FinalData/Images/hannah-perry_F_29.jpg,0
1256,FinalData/Images/lucy-oreilly_F_21.jpg,0
1257,FinalData/Images/bridget-patterson_F_24.jpg,0
1258,FinalData/Images/katelyn-pope_F_22.jpg,0
1259,FinalData/Images/annie-oneil_F_21.jpg,0
1260,FinalData/Images/rhiann-odonnell_F_33.jpg,0
1261,FinalData/Images/ellyse-perry_F_25.jpg,0
1262,FinalData/Images/erin-osborne_F_29.jpg,0
1263,FinalData/Images/raisibe-ntozakhe_F_21.jpg,0
1264,FinalData/Images/shelley-nitschke_F_32.jpg,0
1265,FinalData/Images/morna-nielsen_F_28.jpg,0
1266,FinalData/Images/thamsyn-newton_F_25.jpg,0
1267,FinalData/Images/nuzhat-parween_F_22.jpg,0
1268,FinalData/Images/niranjana-nagarajan_F_20.jpg,0
1269,FinalData/Images/beth-mooney_F_24.jpg,0
1270,FinalData/Images/ritu-moni_F_25.jpg,0
1271,FinalData/Images/lata-mondal_F_23.jpg,0
1272,FinalData/Images/anisa-mohammed_F_30.jpg,0
1273,FinalData/Images/sana-mir_F_24.jpg,0
1274,FinalData/Images/sophie-molineux_F_23.jpg,0
1275,FinalData/Images/mona-meshram_F_27.jpg,0
1276,FinalData/Images/yashoda-mendis_F_32.jpg,0
1277,FinalData/Images/sidra-nawaz_F_23.jpg,0
1278,FinalData/Images/natasha-mclean_F_23.jpg,0
1279,FinalData/Images/kate-mckenna_F_28.jpg,0
1280,FinalData/Images/kelsie-minty_F_28.jpg,0
1281,FinalData/Images/chedean-nation_F_22.jpg,0
1282,FinalData/Images/tahlia-mcgrath_F_22.jpg,0
1283,FinalData/Images/sasha-moloney_F_24.jpg,0
1284,FinalData/Images/katey-martin_F_24.jpg,0
1285,FinalData/Images/lara-maritz_F_19.jpg,0
1286,FinalData/Images/bismah-maroof_F_24.jpg,0
1287,FinalData/Images/zintle-mali_F_24.jpg,0
1288,FinalData/Images/harshitha-madavi_F_24.jpg,0
1289,FinalData/Images/hayley-matthews_F_20.jpg,0
1290,FinalData/Images/katie-mack_F_22.jpg,0
1291,FinalData/Images/sarah-lowe_F_26.jpg,0
1292,FinalData/Images/sune-luus_F_24.jpg,0
1293,FinalData/Images/tegan-mcpharlin_F_23.jpg,0
1294,FinalData/Images/tremayne-smartt_F_33.jpg,0
1295,FinalData/Images/gaby-lewis_F_18.jpg,0
1296,FinalData/Images/robyn-lewis_F_21.jpg,0
1297,FinalData/Images/matshipi-marcia-letsoalo_F_34.jpg,0
1298,FinalData/Images/smriti-mandhana_F_22.jpg,0
1299,FinalData/Images/laura-marsh_F_30.jpg,0
1300,FinalData/Images/felicity-leydon-davis_F_24.jpg,0
1301,FinalData/Images/anna-lanning_F_24.jpg,0
1302,FinalData/Images/beth-langston_F_26.jpg,0
1303,FinalData/Images/lizelle-lee_F_26.jpg,0
1304,FinalData/Images/eshani-lokusuriya_F_34.jpg,0
1305,FinalData/Images/emily-leys_F_25.jpg,0
1306,FinalData/Images/kirsty-lamb_F_24.jpg,0
1307,FinalData/Images/sugandika-kumari_F_28.jpg,0
1308,FinalData/Images/claire-koski_F_29.jpg,0
1309,FinalData/Images/kycia-knight_F_26.jpg,0
1310,FinalData/Images/meg-lanning_F_26.jpg,0
1311,FinalData/Images/masabatha-klass_F_28.jpg,0
1312,FinalData/Images/odine-kirsten_F_26.jpg,0
1313,FinalData/Images/alana-king_F_23.jpg,0
1314,FinalData/Images/carly-leeson_F_18.jpg,0
1315,FinalData/Images/heather-knight_F_27.jpg,0
1316,FinalData/Images/khadija-tul-kubra_F_23.jpg,0
1317,FinalData/Images/asmavia-iqbal-khokhar_F_30.jpg,0
1318,FinalData/Images/delissa-kimmince_F_31.jpg,0
1319,FinalData/Images/veda-krishnamurthy_F_24.jpg,0
1320,FinalData/Images/fahima-khatun_F_18.jpg,0
1321,FinalData/Images/nahida-khan_F_31.jpg,0
1322,FinalData/Images/ashlee-king_F_24.jpg,0
1323,FinalData/Images/javeria-khan_F_30.jpg,0
1324,FinalData/Images/erica-kershaw_F_24.jpg,0
1325,FinalData/Images/salma-khatun_F_28.jpg,0
1326,FinalData/Images/emma-king_F_27.jpg,0
1327,FinalData/Images/harmanpreet-kaur_F_22.jpg,0
1328,FinalData/Images/shauna-kavanagh_F_25.jpg,0
1329,FinalData/Images/kyshona-knight_F_26.jpg,0
1330,FinalData/Images/emma-kearney_F_31.jpg,0
1331,FinalData/Images/amelia-kerr_F_18.jpg,0
1332,FinalData/Images/amy-kenealy_F_27.jpg,0
1333,FinalData/Images/stacy-ann-king_F_22.jpg,0
1334,FinalData/Images/ayabonga-khaka_F_26.jpg,0
1335,FinalData/Images/isobel-joyce_F_30.jpg,0
1336,FinalData/Images/marizanne-kapp_F_28.jpg,0
1337,FinalData/Images/qiana-joseph_F_26.jpg,0
1338,FinalData/Images/ama-kanchana_F_26.jpg,0
1339,FinalData/Images/mansi-joshi_F_25.jpg,0
1340,FinalData/Images/jess-jonassen_F_25.jpg,0
1341,FinalData/Images/sammy-jo-johnson_F_26.jpg,0
1342,FinalData/Images/iram-javed_F_16.jpg,0
1343,FinalData/Images/hansima-karunaratne_F_25.jpg,0
1344,FinalData/Images/amy-jones_F_25.jpg,0
1345,FinalData/Images/shabnim-ismail_F_30.jpg,0
1346,FinalData/Images/sanjida-islam_F_22.jpg,0
1347,FinalData/Images/hayley-jensen_F_26.jpg,0
1348,FinalData/Images/renee-irvine_F_24.jpg,0
1349,FinalData/Images/marina-iqbal_F_31.jpg,0
1350,FinalData/Images/julie-hunter_F_20.jpg,0
1351,FinalData/Images/cecelia-joyce_F_34.jpg,0
1352,FinalData/Images/isobel-joyce_F_32.jpg,0
1353,FinalData/Images/holly-huddleston_F_31.jpg,0
1354,FinalData/Images/sarah-hungerford_F_21.jpg,0
1355,FinalData/Images/haylee-hoffmeister_F_20.jpg,0
1356,FinalData/Images/mikayla-hinkley_F_22.jpg,0
1357,FinalData/Images/kainat-imtiaz_F_28.jpg,0
1358,FinalData/Images/clara-iemma_F_24.jpg,0
1359,FinalData/Images/brooke-hepburn_F_28.jpg,0
1360,FinalData/Images/leigh-kasperek_F_26.jpg,0
1361,FinalData/Images/dayalan-hemalatha_F_16.jpg,0
1362,FinalData/Images/chinelle-henry_F_23.jpg,0
1363,FinalData/Images/jodie-hicks_F_21.jpg,0
1364,FinalData/Images/danielle-hazell_F_24.jpg,0
1365,FinalData/Images/courtney-hill_F_29.jpg,0
1366,FinalData/Images/saskia-horley_F_18.jpg,0
1367,FinalData/Images/alex-hartley_F_25.jpg,0
1368,FinalData/Images/katie-hartshorn_F_25.jpg,0
1369,FinalData/Images/laura-harris_F_28.jpg,0
1370,FinalData/Images/rachael-haynes_F_22.jpg,0
1371,FinalData/Images/kath-hempenstall_F_18.jpg,0
1372,FinalData/Images/grace-harris_F_25.jpg,0
1373,FinalData/Images/nicola-hancock_F_22.jpg,0
1374,FinalData/Images/corinne-hall_F_31.jpg,0
1375,FinalData/Images/jenny-gunn_F_26.jpg,0
1376,FinalData/Images/emma-inglis_F_32.jpg,0
1377,FinalData/Images/alyssa-healy_F_29.jpg,0
1378,FinalData/Images/nipuni-hansika_F_24.jpg,0
1379,FinalData/Images/brooke-harris_F_21.jpg,0
1380,FinalData/Images/farzana-haque_F_25.jpg,0
1381,FinalData/Images/maddy-green_F_25.jpg,0
1382,FinalData/Images/lisa-griffith_F_27.jpg,0
1383,FinalData/Images/jennifer-gray_F_26.jpg,0
1384,FinalData/Images/nicole-goodwin_F_16.jpg,0
1385,FinalData/Images/rebecca-grundy_F_16.jpg,0
1386,FinalData/Images/jhulan-goswamy_F_33.jpg,0
1387,FinalData/Images/rajeshwari-gayakwad_F_27.jpg,0
1388,FinalData/Images/maisy-gibson_F_18.jpg,0
1389,FinalData/Images/lydia-greenway_F_31.jpg,0
1390,FinalData/Images/katelyn-fryett_F_27.jpg,0
1391,FinalData/Images/ashleigh-gardner_F_21.jpg,0
1392,FinalData/Images/kim-garth_F_21.jpg,0
1393,FinalData/Images/panna-ghosh_F_29.jpg,0
1394,FinalData/Images/heather-graham_F_23.jpg,0
1395,FinalData/Images/jodie-fields_F_32.jpg,0
1396,FinalData/Images/kirstie-gordon_F_23.jpg,0
1397,FinalData/Images/afy-fletcher_F_31.jpg,0
1398,FinalData/Images/tash-farrant_F_22.jpg,0
1399,FinalData/Images/holly-ferling_F_24.jpg,0
1400,FinalData/Images/erin-fazackerley_F_20.jpg,0
1401,FinalData/Images/nicole-faltum_F_21.jpg,0
1402,FinalData/Images/ellen-falconer_F_21.jpg,0
1403,FinalData/Images/rene-farrell_F_31.jpg,0
1404,FinalData/Images/ghulam-fatima_F_24.jpg,0
1405,FinalData/Images/georgia-elwiss_F_26.jpg,0
1406,FinalData/Images/yolani-fourie_F_31.jpg,0
1407,FinalData/Images/lauren-ebsary_F_35.jpg,0
1408,FinalData/Images/deandra-dottin_F_24.jpg,0
1409,FinalData/Images/amy-edgar_F_19.jpg,0
1410,FinalData/Images/jess-cameron_F_30.jpg,0
1411,FinalData/Images/jordan-doecke_F_24.jpg,0
1412,FinalData/Images/sophia-dunkley_F_20.jpg,0
1413,FinalData/Images/kate-ebrahim_F_27.jpg,0
1414,FinalData/Images/sophie-ecclestone_F_20.jpg,0
1415,FinalData/Images/emily-divin_F_34.jpg,0
1416,FinalData/Images/josie-dooley_F_33.jpg,0
1417,FinalData/Images/rhiannon-dick_F_21.jpg,0
1418,FinalData/Images/bhavisha-devchand_F_25.jpg,0
1419,FinalData/Images/laura-delany_F_26.jpg,0
1420,FinalData/Images/dinesha-devnarain_F_30.jpg,0
1421,FinalData/Images/kavisha-dilhari_F_17.jpg,0
1422,FinalData/Images/eliza-doddridge_F_18.jpg,0
1423,FinalData/Images/nida-rashid_F_30.jpg,0
1424,FinalData/Images/shanel-daley_F_29.jpg,0
1425,FinalData/Images/stefanie-daffara_F_24.jpg,0
1426,FinalData/Images/linsey-da-costa_F_21.jpg,0
1427,FinalData/Images/sophie-devine_F_29.jpg,0
1428,FinalData/Images/kate-cross_F_24.jpg,0
1429,FinalData/Images/hannah-darlington_F_26.jpg,0
1430,FinalData/Images/shae-daly_F_27.jpg,0
1431,FinalData/Images/moseline-daniels_F_18.jpg,0
1432,FinalData/Images/tess-cooper_F_27.jpg,0
1433,FinalData/Images/britney-cooper_F_29.jpg,0
1434,FinalData/Images/piepa-cleary_F_24.jpg,0
1435,FinalData/Images/lauren-cheatle_F_20.jpg,0
1436,FinalData/Images/sheldyn-cooper_F_18.jpg,0
1437,FinalData/Images/trisha-chetty_F_32.jpg,0
1438,FinalData/Images/nicola-carey_F_23.jpg,0
1439,FinalData/Images/mathilda-carmichael_F_24.jpg,0
1440,FinalData/Images/catherine-dalton_F_28.jpg,0
1441,FinalData/Images/erin-burns_F_31.jpg,0
1442,FinalData/Images/katherine-brunt_F_31.jpg,0
1443,FinalData/Images/maitlan-brown_F_20.jpg,0
1444,FinalData/Images/shamilia-connell_F_25.jpg,0
1445,FinalData/Images/shemaine-campbelle_F_23.jpg,0
1446,FinalData/Images/sarah-coyte_F_27.jpg,0
1447,FinalData/Images/reniece-boyce_F_22.jpg,0
1448,FinalData/Images/taylah-brotherston_F_27.jpg,0
1449,FinalData/Images/makinley-blows_F_22.jpg,0
1450,FinalData/Images/emma-biss_F_27.jpg,0
1451,FinalData/Images/melissa-cameron_F_22.jpg,0
1452,FinalData/Images/ekta-bisht_F_29.jpg,0
1453,FinalData/Images/nicole-bolton_F_29.jpg,0
1454,FinalData/Images/nilakshi-de-silva_F_23.jpg,0
1455,FinalData/Images/hayleigh-brennan_F_19.jpg,0
1456,FinalData/Images/bernadine-bezuidenhout_F_24.jpg,0
1457,FinalData/Images/taniya-bhatia_F_20.jpg,0
1458,FinalData/Images/cassie-brock_F_27.jpg,0
1459,FinalData/Images/erin-bermingham_F_31.jpg,0
1460,FinalData/Images/briana-binch_F_28.jpg,0
1461,FinalData/Images/sam-bates_F_32.jpg,0
1462,FinalData/Images/suzie-bates_F_31.jpg,0
1463,FinalData/Images/ash-barty_F_22.jpg,0
1464,FinalData/Images/jemma-barsby_F_23.jpg,0
1465,FinalData/Images/lily-bardsley_F_19.jpg,0
1466,FinalData/Images/megan-banting_F_22.jpg,0
1467,FinalData/Images/diana-baig_F_22.jpg,0
1468,FinalData/Images/alex-blackwell_F_33.jpg,0
1469,FinalData/Images/haidee-birkett_F_22.jpg,0
1470,FinalData/Images/kristen-beams_F_32.jpg,0
1471,FinalData/Images/anam-amin_F_18.jpg,0
1472,FinalData/Images/kelly-applebee_F_29.jpg,0
1473,FinalData/Images/anuja-patil_F_26.jpg,0
1474,FinalData/Images/rahat-ali_F_32.jpg,0
1475,FinalData/Images/samantha-betts_F_22.jpg,0
1476,FinalData/Images/sidra-amin_F_26.jpg,0
1477,FinalData/Images/waheeda-akhtar_F_23.jpg,0
1478,FinalData/Images/nahida-akter_F_18.jpg,0
1479,FinalData/Images/sarah-aley_F_33.jpg,0
1480,FinalData/Images/aiman-anwer_F_18.jpg,0
1481,FinalData/Images/nain-abidi_F_27.jpg,0
1482,FinalData/Images/chamari-athapaththu_F_26.jpg,0
1483,FinalData/Images/rumana-ahmed_F_27.jpg,0
1484,FinalData/Images/merissa-aguilleira_F_30.jpg,0
1485,FinalData/Images/jahanara-alam_F_24.jpg,0
1486,FinalData/Images/muneeba-ali-siddiqui_F_21.jpg,0
1487,FinalData/Images/tammy-beaumont_F_19.jpg,0
1488,FinalData/Images/felicia-walters_F_26.jpg,0
1489,FinalData/Images/chris-rogers_M_43.jpg,1
1490,FinalData/Images/michael-klinger_M_40.jpg,1
1491,FinalData/Images/younis-khan_M_41.jpg,1
1492,FinalData/Images/jacques-kallis_M_44.jpg,1
1493,FinalData/Images/david-hussey_M_40.jpg,1
1494,FinalData/Images/brad-hodge_M_43.jpg,1
1495,FinalData/Images/brad-hogg_M_45.jpg,1
1496,FinalData/Images/brad-haddin_M_41.jpg,1
1497,FinalData/Images/willie-gavera_M_44.jpg,1
1498,FinalData/Images/tillakaratne-dilshan_M_41.jpg,1
